,Usia,Gender,Kota Asal,Jenis Tiket,Hari Konser,Kursi,Member Favorit,Merchandise,Rating Konser,Kategori Penonton
0,18,L,Medan,CAT1,Hari 3,Berdiri,Mark,Ya,4,NCTzen Baru
1,22,L,Surabaya,Festival,Hari 3,Berdiri,Mark,Ya,2,NCTzen Lama
2,22,L,Jakarta,VIP,Hari 3,Duduk,Taeyong,Ya,2,NCTzen Baru
3,17,P,Jakarta,CAT2,Hari 3,Duduk,Mark,Ya,2,NCTzen Lama
4,24,P,Surabaya,CAT2,Hari 2,Duduk,Haechan,Tidak,3,NCTzen Lama
5,32,P,Jakarta,CAT1,Hari 2,Duduk,Taeyong,Ya,2,NCTzen Baru
6,29,P,Jakarta,CAT1,Hari 1,Duduk,Taeyong,Ya,1,NCTzen Baru
7,26,P,Surabaya,CAT1,Hari 3,Duduk,Taeyong,Tidak,2,NCTzen Lama
8,26,P,Medan,CAT2,Hari 2,Berdiri,Mark,Ya,5,NCTzen Lama
9,15,L,Surabaya,CAT1,Hari 2,Berdiri,Taeyong,Tidak,5,NCTzen Lama
10,24,L,Bandung,Festival,Hari 2,Duduk,Jaehyun,Tidak,2,NCTzen Lama
11,32,P,Jakarta,Festival,Hari 2,Duduk,Jaehyun,Tidak,2,NCTzen Lama
12,30,P,Surabaya,CAT2,Hari 2,Duduk,Mark,Tidak,5,NCTzen Baru
13,24,P,Jakarta,Festival,Hari 2,Berdiri,Taeyong,Ya,2,NCTzen Lama
14,14,L,Medan,CAT1,Hari 1,Berdiri,Haechan,Tidak,4,NCTzen Baru
15,14,L,Jakarta,CAT2,Hari 2,Berdiri,Haechan,Ya,5,NCTzen Lama
16,29,L,Surabaya,CAT1,Hari 1,Berdiri,Jaehyun,Ya,3,NCTzen Baru
17,22,L,Medan,Festival,Hari 1,Duduk,Mark,Tidak,5,NCTzen Lama
18,30,P,Medan,CAT1,Hari 3,Berdiri,Mark,Ya,1,NCTzen Baru
19,34,P,Medan,CAT2,Hari 3,Berdiri,Mark,Tidak,4,NCTzen Baru
20,31,P,Bandung,CAT1,Hari 3,Duduk,Mark,Ya,3,NCTzen Lama
21,33,P,Surabaya,Festival,Hari 2,Duduk,Mark,Ya,2,NCTzen Baru
22,13,L,Surabaya,VIP,Hari 3,Duduk,Taeyong,Ya,1,NCTzen Lama
23,16,L,Medan,CAT2,Hari 2,Berdiri,Taeyong,Ya,1,NCTzen Lama
24,16,P,Jakarta,CAT1,Hari 2,Duduk,Taeyong,Tidak,4,NCTzen Baru
25,14,L,Medan,CAT2,Hari 3,Berdiri,Haechan,Tidak,3,NCTzen Baru
26,31,L,Bandung,CAT1,Hari 3,Berdiri,Taeyong,Ya,1,NCTzen Lama
27,33,L,Medan,VIP,Hari 1,Berdiri,Mark,Ya,3,NCTzen Lama
28,24,L,Surabaya,Festival,Hari 1,Berdiri,Mark,Ya,3,NCTzen Lama
29,22,P,Medan,CAT1,Hari 2,Duduk,Haechan,Ya,1,NCTzen Baru
30,25,L,Jakarta,CAT1,Hari 2,Duduk,Haechan,Tidak,3,NCTzen Baru
31,34,P,Surabaya,VIP,Hari 3,Berdiri,Jaehyun,Ya,4,NCTzen Lama
32,35,L,Jakarta,CAT2,Hari 3,Duduk,Haechan,Ya,1,NCTzen Baru
33,32,L,Medan,Festival,Hari 1,Berdiri,Jaehyun,Ya,4,NCTzen Baru
34,35,P,Surabaya,CAT1,Hari 3,Berdiri,Taeyong,Tidak,4,NCTzen Baru
35,27,P,Bandung,CAT1,Hari 2,Duduk,Mark,Ya,3,NCTzen Lama
36,15,L,Surabaya,Festival,Hari 3,Duduk,Jaehyun,Tidak,3,NCTzen Lama
37,35,L,Jakarta,VIP,Hari 1,Berdiri,Jaehyun,Tidak,1,NCTzen Baru
38,32,P,Surabaya,CAT2,Hari 2,Duduk,Jaehyun,Ya,2,NCTzen Baru
39,25,L,Bandung,Festival,Hari 1,Berdiri,Haechan,Ya,1,NCTzen Lama
40,20,L,Bandung,CAT2,Hari 1,Duduk,Haechan,Ya,4,NCTzen Baru
41,19,P,Bandung,VIP,Hari 2,Berdiri,Haechan,Tidak,3,NCTzen Lama
42,20,L,Bandung,VIP,Hari 1,Berdiri,Jaehyun,Tidak,4,NCTzen Lama
43,30,L,Jakarta,Festival,Hari 3,Duduk,Taeyong,Ya,5,NCTzen Lama
44,21,L,Surabaya,CAT1,Hari 3,Duduk,Mark,Tidak,5,NCTzen Lama
45,18,L,Medan,VIP,Hari 1,Berdiri,Haechan,Ya,4,NCTzen Lama
46,16,L,Bandung,VIP,Hari 3,Duduk,Taeyong,Ya,2,NCTzen Lama
47,27,P,Medan,Festival,Hari 1,Duduk,Haechan,Ya,2,NCTzen Lama
48,17,L,Medan,Festival,Hari 3,Berdiri,Haechan,Ya,1,NCTzen Baru
49,17,P,Surabaya,Festival,Hari 1,Berdiri,Jaehyun,Ya,1,NCTzen Lama
50,19,P,Medan,VIP,Hari 3,Duduk,Jaehyun,Ya,1,NCTzen Baru
51,21,L,Medan,CAT2,Hari 2,Duduk,Haechan,Tidak,3,NCTzen Baru
52,19,P,Jakarta,VIP,Hari 2,Berdiri,Mark,Tidak,2,NCTzen Baru
53,21,L,Medan,Festival,Hari 3,Berdiri,Haechan,Tidak,4,NCTzen Lama
54,32,P,Surabaya,CAT1,Hari 1,Berdiri,Mark,Ya,5,NCTzen Baru
55,22,P,Medan,CAT1,Hari 3,Berdiri,Taeyong,Ya,2,NCTzen Lama
56,16,P,Surabaya,Festival,Hari 1,Berdiri,Haechan,Ya,2,NCTzen Lama
57,18,L,Bandung,CAT1,Hari 3,Berdiri,Mark,Tidak,2,NCTzen Baru
58,26,P,Medan,VIP,Hari 3,Berdiri,Taeyong,Ya,1,NCTzen Baru
59,21,P,Medan,CAT2,Hari 2,Berdiri,Taeyong,Tidak,3,NCTzen Baru
60,13,P,Medan,VIP,Hari 1,Duduk,Jaehyun,Ya,4,NCTzen Baru
61,29,L,Bandung,Festival,Hari 1,Duduk,Taeyong,Tidak,1,NCTzen Lama
62,25,L,Jakarta,VIP,Hari 1,Duduk,Jaehyun,Ya,3,NCTzen Baru
63,19,P,Medan,CAT1,Hari 1,Berdiri,Taeyong,Ya,2,NCTzen Baru
64,21,P,Surabaya,VIP,Hari 1,Duduk,Taeyong,Tidak,3,NCTzen Baru
65,23,P,Jakarta,CAT2,Hari 2,Berdiri,Mark,Tidak,1,NCTzen Baru
66,15,P,Jakarta,CAT1,Hari 3,Duduk,Mark,Tidak,2,NCTzen Baru
67,24,L,Jakarta,CAT2,Hari 1,Berdiri,Jaehyun,Ya,1,NCTzen Lama
68,33,L,Medan,CAT2,Hari 1,Berdiri,Haechan,Tidak,4,NCTzen Lama
69,15,L,Bandung,CAT2,Hari 3,Duduk,Mark,Tidak,2,NCTzen Lama
70,27,P,Bandung,VIP,Hari 2,Berdiri,Taeyong,Ya,3,NCTzen Baru
71,33,L,Medan,VIP,Hari 2,Duduk,Jaehyun,Ya,1,NCTzen Baru
72,22,P,Surabaya,VIP,Hari 2,Duduk,Jaehyun,Tidak,5,NCTzen Lama
73,13,P,Surabaya,VIP,Hari 3,Duduk,Jaehyun,Ya,3,NCTzen Lama
74,26,P,Surabaya,CAT1,Hari 3,Duduk,Taeyong,Tidak,3,NCTzen Lama
75,32,L,Medan,VIP,Hari 2,Duduk,Mark,Tidak,2,NCTzen Lama
76,18,P,Bandung,CAT1,Hari 2,Duduk,Haechan,Tidak,3,NCTzen Baru
77,14,L,Medan,CAT2,Hari 3,Duduk,Jaehyun,Ya,1,NCTzen Baru
78,35,P,Bandung,CAT1,Hari 2,Duduk,Taeyong,Tidak,5,NCTzen Baru
79,20,L,Jakarta,Festival,Hari 1,Duduk,Mark,Tidak,4,NCTzen Lama
80,13,P,Medan,VIP,Hari 3,Berdiri,Mark,Ya,5,NCTzen Lama
81,16,L,Bandung,Festival,Hari 2,Berdiri,Haechan,Tidak,1,NCTzen Lama
82,16,P,Jakarta,CAT1,Hari 1,Duduk,Jaehyun,Tidak,2,NCTzen Baru
83,17,L,Jakarta,VIP,Hari 3,Berdiri,Taeyong,Tidak,1,NCTzen Baru
84,32,P,Medan,Festival,Hari 3,Berdiri,Mark,Ya,3,NCTzen Lama
85,21,P,Bandung,VIP,Hari 1,Duduk,Taeyong,Tidak,2,NCTzen Baru
86,35,P,Jakarta,CAT1,Hari 3,Duduk,Mark,Ya,4,NCTzen Lama
87,25,L,Medan,Festival,Hari 2,Berdiri,Jaehyun,Ya,4,NCTzen Lama
88,30,P,Jakarta,CAT1,Hari 3,Duduk,Jaehyun,Tidak,1,NCTzen Lama
89,29,P,Surabaya,Festival,Hari 2,Duduk,Haechan,Tidak,3,NCTzen Baru
90,13,P,Medan,CAT2,Hari 1,Duduk,Mark,Ya,4,NCTzen Lama
91,34,L,Jakarta,CAT2,Hari 1,Berdiri,Taeyong,Tidak,5,NCTzen Lama
92,27,P,Medan,CAT2,Hari 3,Duduk,Mark,Tidak,2,NCTzen Baru
93,14,P,Medan,CAT2,Hari 1,Berdiri,Taeyong,Ya,5,NCTzen Lama
94,28,L,Bandung,CAT2,Hari 1,Duduk,Haechan,Tidak,4,NCTzen Lama
95,32,P,Bandung,CAT1,Hari 3,Duduk,Mark,Tidak,4,NCTzen Baru
96,34,L,Jakarta,CAT2,Hari 2,Berdiri,Jaehyun,Ya,1,NCTzen Lama
97,17,P,Medan,CAT1,Hari 3,Duduk,Taeyong,Tidak,1,NCTzen Lama
98,34,L,Medan,CAT2,Hari 3,Berdiri,Jaehyun,Ya,2,NCTzen Lama
99,31,L,Surabaya,VIP,Hari 2,Berdiri,Haechan,Ya,1,NCTzen Baru
100,17,L,Medan,CAT2,Hari 2,Duduk,Haechan,Tidak,3,NCTzen Lama
101,14,P,Bandung,VIP,Hari 2,Duduk,Taeyong,Ya,2,NCTzen Lama
102,19,P,Medan,CAT1,Hari 3,Berdiri,Mark,Tidak,3,NCTzen Lama
103,15,L,Bandung,CAT2,Hari 2,Berdiri,Jaehyun,Tidak,1,NCTzen Baru
104,29,P,Surabaya,Festival,Hari 1,Duduk,Jaehyun,Ya,2,NCTzen Baru
105,15,P,Jakarta,CAT1,Hari 2,Duduk,Taeyong,Ya,4,NCTzen Baru
106,25,L,Bandung,CAT2,Hari 1,Duduk,Taeyong,Ya,5,NCTzen Lama
107,19,L,Jakarta,CAT1,Hari 2,Duduk,Taeyong,Ya,4,NCTzen Baru
108,15,L,Jakarta,Festival,Hari 1,Duduk,Haechan,Ya,3,NCTzen Lama
109,27,L,Jakarta,CAT2,Hari 1,Berdiri,Haechan,Ya,4,NCTzen Baru
110,30,P,Jakarta,Festival,Hari 1,Berdiri,Jaehyun,Tidak,4,NCTzen Baru
111,22,P,Bandung,CAT2,Hari 1,Berdiri,Mark,Tidak,5,NCTzen Baru
112,35,P,Surabaya,VIP,Hari 1,Berdiri,Taeyong,Ya,5,NCTzen Baru
113,19,P,Medan,CAT1,Hari 2,Duduk,Haechan,Tidak,4,NCTzen Lama
114,21,P,Bandung,Festival,Hari 3,Berdiri,Mark,Ya,5,NCTzen Baru
115,17,P,Surabaya,CAT1,Hari 3,Duduk,Taeyong,Ya,4,NCTzen Lama
116,32,L,Medan,Festival,Hari 3,Duduk,Mark,Tidak,2,NCTzen Lama
117,20,P,Jakarta,CAT1,Hari 3,Duduk,Taeyong,Tidak,4,NCTzen Lama
118,26,P,Medan,CAT1,Hari 3,Duduk,Mark,Ya,1,NCTzen Baru
119,16,P,Medan,CAT1,Hari 1,Duduk,Jaehyun,Ya,5,NCTzen Baru
120,32,L,Surabaya,VIP,Hari 2,Berdiri,Taeyong,Ya,5,NCTzen Lama
121,26,L,Medan,CAT2,Hari 1,Duduk,Taeyong,Tidak,3,NCTzen Baru
122,24,P,Jakarta,VIP,Hari 2,Duduk,Jaehyun,Ya,3,NCTzen Lama
123,14,L,Bandung,CAT1,Hari 2,Duduk,Taeyong,Ya,1,NCTzen Baru
124,25,L,Bandung,Festival,Hari 2,Berdiri,Taeyong,Tidak,5,NCTzen Baru
125,13,P,Surabaya,CAT1,Hari 2,Duduk,Haechan,Tidak,5,NCTzen Lama
126,32,P,Jakarta,CAT2,Hari 3,Duduk,Jaehyun,Tidak,3,NCTzen Baru
127,19,P,Jakarta,VIP,Hari 2,Duduk,Haechan,Ya,3,NCTzen Lama
128,21,L,Medan,CAT2,Hari 2,Berdiri,Jaehyun,Ya,4,NCTzen Lama
129,29,L,Surabaya,Festival,Hari 3,Duduk,Mark,Tidak,5,NCTzen Baru
130,33,P,Jakarta,CAT2,Hari 1,Berdiri,Jaehyun,Ya,5,NCTzen Baru
131,35,L,Jakarta,VIP,Hari 1,Berdiri,Jaehyun,Ya,4,NCTzen Baru
132,25,L,Jakarta,Festival,Hari 1,Duduk,Haechan,Tidak,5,NCTzen Lama
133,35,L,Bandung,CAT2,Hari 1,Berdiri,Taeyong,Tidak,1,NCTzen Baru
134,22,P,Bandung,VIP,Hari 2,Berdiri,Jaehyun,Ya,3,NCTzen Baru
135,28,P,Bandung,VIP,Hari 3,Duduk,Taeyong,Tidak,3,NCTzen Baru
136,18,P,Medan,CAT1,Hari 3,Duduk,Jaehyun,Tidak,3,NCTzen Baru
137,28,P,Medan,CAT2,Hari 1,Duduk,Haechan,Ya,2,NCTzen Lama
138,23,P,Medan,Festival,Hari 3,Duduk,Jaehyun,Ya,1,NCTzen Baru
139,32,L,Jakarta,CAT1,Hari 2,Berdiri,Mark,Ya,1,NCTzen Lama
140,15,L,Bandung,CAT2,Hari 1,Berdiri,Jaehyun,Ya,4,NCTzen Baru
141,21,L,Jakarta,CAT2,Hari 2,Duduk,Jaehyun,Ya,2,NCTzen Baru
142,27,L,Jakarta,Festival,Hari 2,Duduk,Taeyong,Ya,5,NCTzen Baru
143,25,L,Surabaya,CAT1,Hari 2,Duduk,Taeyong,Tidak,1,NCTzen Lama
144,22,L,Jakarta,CAT1,Hari 2,Berdiri,Mark,Tidak,2,NCTzen Lama
145,32,P,Medan,Festival,Hari 2,Duduk,Jaehyun,Tidak,2,NCTzen Baru
146,25,P,Bandung,CAT1,Hari 1,Berdiri,Taeyong,Ya,1,NCTzen Lama
147,29,L,Bandung,VIP,Hari 2,Berdiri,Jaehyun,Ya,4,NCTzen Lama
148,19,P,Jakarta,Festival,Hari 1,Berdiri,Haechan,Ya,2,NCTzen Baru
149,18,L,Medan,CAT2,Hari 3,Berdiri,Haechan,Ya,3,NCTzen Baru
150,25,L,Medan,Festival,Hari 2,Duduk,Mark,Ya,2,NCTzen Baru
151,29,P,Medan,VIP,Hari 2,Duduk,Haechan,Tidak,5,NCTzen Baru
152,27,P,Bandung,Festival,Hari 3,Duduk,Taeyong,Ya,1,NCTzen Baru
153,16,L,Medan,CAT2,Hari 1,Berdiri,Taeyong,Tidak,5,NCTzen Baru
154,27,P,Medan,CAT2,Hari 2,Berdiri,Mark,Ya,4,NCTzen Lama
155,26,L,Jakarta,Festival,Hari 3,Duduk,Jaehyun,Tidak,3,NCTzen Baru
156,33,L,Surabaya,Festival,Hari 3,Berdiri,Taeyong,Tidak,1,NCTzen Baru
157,23,L,Medan,VIP,Hari 2,Berdiri,Haechan,Tidak,2,NCTzen Baru
158,16,L,Jakarta,VIP,Hari 1,Berdiri,Taeyong,Tidak,3,NCTzen Baru
159,15,L,Jakarta,CAT2,Hari 1,Duduk,Mark,Tidak,2,NCTzen Lama
160,14,P,Medan,CAT1,Hari 2,Duduk,Haechan,Tidak,4,NCTzen Lama
161,32,L,Surabaya,CAT1,Hari 3,Duduk,Haechan,Tidak,1,NCTzen Lama
162,22,P,Bandung,CAT1,Hari 2,Berdiri,Haechan,Ya,4,NCTzen Baru
163,25,L,Surabaya,CAT1,Hari 1,Duduk,Mark,Ya,4,NCTzen Baru
164,32,P,Medan,CAT2,Hari 3,Duduk,Mark,Tidak,4,NCTzen Lama
165,33,L,Surabaya,CAT1,Hari 2,Duduk,Jaehyun,Ya,4,NCTzen Lama
166,35,P,Jakarta,CAT1,Hari 3,Berdiri,Jaehyun,Ya,2,NCTzen Baru
167,30,L,Jakarta,Festival,Hari 1,Berdiri,Jaehyun,Tidak,5,NCTzen Baru
168,33,L,Surabaya,CAT1,Hari 1,Berdiri,Mark,Ya,2,NCTzen Baru
169,28,P,Bandung,Festival,Hari 1,Berdiri,Haechan,Tidak,3,NCTzen Baru
170,23,P,Surabaya,CAT2,Hari 2,Berdiri,Haechan,Ya,4,NCTzen Baru
171,22,P,Medan,Festival,Hari 3,Duduk,Taeyong,Tidak,3,NCTzen Lama
172,21,P,Bandung,VIP,Hari 2,Duduk,Jaehyun,Ya,2,NCTzen Baru
173,24,P,Surabaya,Festival,Hari 2,Berdiri,Haechan,Tidak,4,NCTzen Lama
174,31,P,Surabaya,CAT1,Hari 2,Berdiri,Haechan,Ya,2,NCTzen Baru
175,13,L,Bandung,Festival,Hari 2,Duduk,Haechan,Ya,4,NCTzen Lama
176,30,L,Surabaya,Festival,Hari 3,Berdiri,Haechan,Ya,2,NCTzen Lama
177,26,L,Medan,CAT2,Hari 3,Berdiri,Mark,Tidak,1,NCTzen Lama
178,34,P,Jakarta,CAT2,Hari 2,Berdiri,Jaehyun,Tidak,5,NCTzen Baru
179,33,P,Medan,CAT1,Hari 2,Berdiri,Haechan,Ya,5,NCTzen Baru
180,13,P,Surabaya,VIP,Hari 1,Berdiri,Haechan,Ya,4,NCTzen Baru
181,29,L,Jakarta,VIP,Hari 1,Duduk,Haechan,Tidak,1,NCTzen Lama
182,23,P,Bandung,Festival,Hari 3,Duduk,Haechan,Ya,3,NCTzen Lama
183,32,L,Medan,VIP,Hari 1,Berdiri,Taeyong,Ya,1,NCTzen Baru
184,27,P,Bandung,CAT2,Hari 3,Berdiri,Haechan,Tidak,4,NCTzen Lama
185,16,P,Jakarta,CAT1,Hari 3,Duduk,Haechan,Tidak,1,NCTzen Lama
186,27,P,Surabaya,CAT1,Hari 3,Berdiri,Haechan,Ya,3,NCTzen Lama
187,34,L,Jakarta,CAT2,Hari 1,Duduk,Taeyong,Tidak,4,NCTzen Lama
188,34,P,Jakarta,CAT1,Hari 1,Berdiri,Mark,Ya,5,NCTzen Baru
189,26,L,Bandung,Festival,Hari 3,Duduk,Taeyong,Ya,1,NCTzen Lama
190,34,P,Medan,CAT1,Hari 3,Duduk,Haechan,Tidak,5,NCTzen Baru
191,13,P,Jakarta,VIP,Hari 2,Berdiri,Mark,Ya,5,NCTzen Lama
192,21,P,Surabaya,CAT1,Hari 3,Berdiri,Haechan,Tidak,2,NCTzen Lama
193,19,P,Jakarta,CAT1,Hari 3,Duduk,Mark,Tidak,3,NCTzen Baru
194,35,L,Bandung,CAT2,Hari 2,Berdiri,Haechan,Ya,1,NCTzen Lama
195,23,P,Medan,CAT2,Hari 3,Duduk,Haechan,Tidak,5,NCTzen Baru
196,35,L,Surabaya,VIP,Hari 3,Berdiri,Mark,Ya,5,NCTzen Baru
197,14,P,Bandung,CAT2,Hari 3,Berdiri,Mark,Tidak,3,NCTzen Baru
198,14,P,Jakarta,VIP,Hari 2,Berdiri,Haechan,Ya,5,NCTzen Baru
199,18,P,Jakarta,Festival,Hari 1,Duduk,Taeyong,Tidak,5,NCTzen Baru
200,35,L,Medan,VIP,Hari 3,Duduk,Taeyong,Ya,5,NCTzen Baru
201,31,P,Bandung,CAT1,Hari 2,Berdiri,Taeyong,Ya,5,NCTzen Baru
202,32,L,Bandung,VIP,Hari 3,Duduk,Taeyong,Tidak,2,NCTzen Lama
203,26,L,Medan,Festival,Hari 2,Berdiri,Mark,Ya,2,NCTzen Baru
204,15,P,Surabaya,CAT1,Hari 3,Duduk,Mark,Ya,4,NCTzen Lama
205,19,L,Bandung,VIP,Hari 2,Berdiri,Taeyong,Ya,1,NCTzen Lama
206,19,P,Medan,CAT2,Hari 1,Duduk,Jaehyun,Ya,3,NCTzen Lama
207,16,L,Bandung,CAT2,Hari 1,Duduk,Jaehyun,Ya,4,NCTzen Baru
208,35,L,Medan,CAT2,Hari 1,Duduk,Jaehyun,Ya,2,NCTzen Baru
209,17,L,Jakarta,VIP,Hari 3,Duduk,Haechan,Tidak,2,NCTzen Lama
210,29,L,Jakarta,VIP,Hari 2,Duduk,Taeyong,Tidak,2,NCTzen Baru
211,16,P,Bandung,Festival,Hari 3,Duduk,Haechan,Tidak,4,NCTzen Lama
212,35,L,Bandung,CAT1,Hari 3,Berdiri,Mark,Tidak,2,NCTzen Lama
213,25,P,Jakarta,CAT1,Hari 2,Berdiri,Mark,Ya,4,NCTzen Lama
214,28,L,Surabaya,CAT1,Hari 3,Duduk,Jaehyun,Ya,2,NCTzen Baru
215,28,P,Medan,CAT1,Hari 2,Berdiri,Jaehyun,Tidak,5,NCTzen Lama
216,14,P,Surabaya,VIP,Hari 2,Duduk,Mark,Ya,5,NCTzen Baru
217,30,L,Surabaya,VIP,Hari 1,Berdiri,Jaehyun,Tidak,1,NCTzen Lama
218,13,L,Surabaya,Festival,Hari 1,Berdiri,Jaehyun,Ya,2,NCTzen Baru
219,30,P,Jakarta,CAT1,Hari 1,Berdiri,Mark,Ya,1,NCTzen Lama
220,20,L,Bandung,VIP,Hari 2,Berdiri,Haechan,Tidak,4,NCTzen Baru
221,23,L,Surabaya,VIP,Hari 1,Duduk,Jaehyun,Ya,1,NCTzen Lama
222,27,L,Jakarta,VIP,Hari 2,Berdiri,Haechan,Tidak,2,NCTzen Baru
223,28,L,Medan,VIP,Hari 3,Berdiri,Jaehyun,Tidak,4,NCTzen Baru
224,29,L,Bandung,CAT1,Hari 1,Berdiri,Taeyong,Tidak,4,NCTzen Baru
225,29,L,Medan,CAT1,Hari 2,Duduk,Haechan,Ya,5,NCTzen Lama
226,24,L,Surabaya,VIP,Hari 2,Berdiri,Haechan,Ya,4,NCTzen Lama
227,22,L,Bandung,CAT2,Hari 2,Duduk,Jaehyun,Tidak,4,NCTzen Lama
228,32,L,Surabaya,Festival,Hari 2,Duduk,Haechan,Ya,1,NCTzen Baru
229,18,P,Bandung,CAT1,Hari 1,Berdiri,Taeyong,Tidak,4,NCTzen Baru
230,20,L,Surabaya,CAT1,Hari 1,Duduk,Mark,Tidak,3,NCTzen Lama
231,25,L,Medan,CAT2,Hari 1,Berdiri,Taeyong,Ya,5,NCTzen Lama
232,14,L,Medan,CAT1,Hari 2,Berdiri,Mark,Tidak,5,NCTzen Baru
233,31,L,Surabaya,CAT2,Hari 3,Berdiri,Taeyong,Ya,4,NCTzen Lama
234,34,L,Bandung,CAT2,Hari 2,Berdiri,Taeyong,Ya,1,NCTzen Baru
235,22,P,Medan,VIP,Hari 3,Berdiri,Haechan,Ya,5,NCTzen Baru
236,16,P,Bandung,CAT1,Hari 1,Berdiri,Taeyong,Tidak,5,NCTzen Baru
237,24,L,Bandung,Festival,Hari 2,Berdiri,Jaehyun,Tidak,3,NCTzen Lama
238,30,P,Medan,CAT2,Hari 2,Duduk,Jaehyun,Ya,4,NCTzen Baru
239,19,L,Jakarta,Festival,Hari 1,Duduk,Jaehyun,Ya,5,NCTzen Lama
240,32,L,Jakarta,VIP,Hari 2,Berdiri,Jaehyun,Tidak,5,NCTzen Baru
241,35,P,Bandung,CAT1,Hari 3,Berdiri,Haechan,Ya,5,NCTzen Lama
242,16,P,Medan,VIP,Hari 3,Duduk,Jaehyun,Ya,5,NCTzen Lama
243,19,P,Jakarta,VIP,Hari 3,Berdiri,Taeyong,Tidak,1,NCTzen Baru
244,22,P,Surabaya,Festival,Hari 2,Duduk,Jaehyun,Tidak,2,NCTzen Baru
245,27,P,Bandung,Festival,Hari 2,Duduk,Haechan,Tidak,3,NCTzen Baru
246,24,L,Jakarta,CAT2,Hari 3,Berdiri,Mark,Ya,1,NCTzen Baru
247,13,L,Medan,CAT1,Hari 2,Berdiri,Taeyong,Tidak,3,NCTzen Lama
248,32,L,Medan,VIP,Hari 3,Duduk,Taeyong,Tidak,5,NCTzen Lama
249,30,P,Bandung,CAT2,Hari 1,Duduk,Haechan,Tidak,3,NCTzen Lama
250,28,L,Medan,CAT2,Hari 3,Berdiri,Mark,Tidak,4,NCTzen Lama
251,17,P,Surabaya,VIP,Hari 1,Berdiri,Jaehyun,Tidak,4,NCTzen Lama
252,31,L,Surabaya,VIP,Hari 1,Duduk,Mark,Tidak,2,NCTzen Baru
253,16,P,Jakarta,CAT2,Hari 1,Duduk,Taeyong,Tidak,2,NCTzen Baru
254,18,P,Medan,VIP,Hari 3,Duduk,Taeyong,Ya,3,NCTzen Lama
255,29,L,Surabaya,VIP,Hari 3,Berdiri,Taeyong,Tidak,1,NCTzen Baru
256,19,L,Bandung,Festival,Hari 2,Berdiri,Mark,Ya,1,NCTzen Baru
257,35,L,Medan,CAT1,Hari 2,Berdiri,Jaehyun,Ya,5,NCTzen Baru
258,19,L,Jakarta,CAT2,Hari 1,Duduk,Taeyong,Tidak,1,NCTzen Baru
259,21,P,Bandung,VIP,Hari 3,Duduk,Haechan,Ya,2,NCTzen Baru
260,25,L,Bandung,CAT2,Hari 2,Berdiri,Jaehyun,Tidak,1,NCTzen Baru
261,32,P,Bandung,CAT1,Hari 2,Duduk,Taeyong,Ya,5,NCTzen Lama
262,26,L,Surabaya,CAT2,Hari 2,Duduk,Jaehyun,Tidak,4,NCTzen Baru
263,28,L,Bandung,CAT2,Hari 3,Duduk,Haechan,Ya,1,NCTzen Baru
264,35,L,Surabaya,CAT2,Hari 2,Duduk,Mark,Tidak,1,NCTzen Lama
265,21,L,Bandung,Festival,Hari 1,Duduk,Taeyong,Tidak,2,NCTzen Lama
266,27,L,Surabaya,CAT1,Hari 3,Berdiri,Haechan,Ya,3,NCTzen Lama
267,17,P,Medan,CAT1,Hari 2,Berdiri,Taeyong,Ya,4,NCTzen Baru
268,30,L,Surabaya,CAT2,Hari 2,Berdiri,Taeyong,Tidak,3,NCTzen Lama
269,33,P,Surabaya,CAT2,Hari 3,Berdiri,Mark,Ya,5,NCTzen Baru
270,32,L,Medan,CAT1,Hari 2,Berdiri,Mark,Tidak,5,NCTzen Lama
271,20,P,Bandung,VIP,Hari 2,Duduk,Jaehyun,Ya,3,NCTzen Baru
272,27,L,Medan,Festival,Hari 1,Duduk,Haechan,Tidak,2,NCTzen Baru
273,33,L,Bandung,CAT1,Hari 3,Duduk,Haechan,Ya,2,NCTzen Lama
274,21,L,Surabaya,CAT2,Hari 2,Berdiri,Mark,Tidak,2,NCTzen Baru
275,31,P,Bandung,VIP,Hari 3,Duduk,Taeyong,Ya,4,NCTzen Baru
276,34,P,Surabaya,VIP,Hari 3,Duduk,Jaehyun,Tidak,5,NCTzen Baru
277,18,L,Bandung,VIP,Hari 1,Duduk,Mark,Ya,5,NCTzen Baru
278,16,L,Surabaya,Festival,Hari 1,Berdiri,Jaehyun,Tidak,5,NCTzen Lama
279,23,L,Surabaya,Festival,Hari 3,Duduk,Jaehyun,Ya,4,NCTzen Lama
280,22,P,Jakarta,CAT1,Hari 1,Duduk,Haechan,Ya,5,NCTzen Lama
281,15,L,Bandung,CAT1,Hari 1,Berdiri,Jaehyun,Tidak,3,NCTzen Baru
282,13,P,Bandung,CAT1,Hari 2,Berdiri,Haechan,Ya,1,NCTzen Lama
283,24,L,Jakarta,CAT1,Hari 1,Duduk,Taeyong,Ya,4,NCTzen Lama
284,35,P,Surabaya,CAT2,Hari 1,Berdiri,Taeyong,Tidak,1,NCTzen Baru
285,27,P,Surabaya,Festival,Hari 2,Duduk,Mark,Tidak,3,NCTzen Lama
286,27,P,Jakarta,VIP,Hari 2,Berdiri,Taeyong,Tidak,2,NCTzen Lama
287,33,L,Jakarta,CAT2,Hari 3,Duduk,Haechan,Tidak,2,NCTzen Lama
288,26,P,Medan,CAT1,Hari 1,Duduk,Jaehyun,Ya,2,NCTzen Baru
289,19,L,Surabaya,CAT1,Hari 2,Berdiri,Jaehyun,Ya,4,NCTzen Lama
290,29,P,Medan,CAT2,Hari 1,Berdiri,Taeyong,Ya,2,NCTzen Lama
291,31,L,Bandung,VIP,Hari 3,Berdiri,Haechan,Tidak,4,NCTzen Lama
292,19,P,Medan,Festival,Hari 1,Berdiri,Jaehyun,Ya,4,NCTzen Baru
293,15,P,Jakarta,Festival,Hari 1,Duduk,Taeyong,Ya,1,NCTzen Baru
294,15,L,Jakarta,VIP,Hari 1,Berdiri,Haechan,Tidak,2,NCTzen Lama
295,30,L,Jakarta,Festival,Hari 2,Duduk,Haechan,Ya,5,NCTzen Lama
296,32,P,Jakarta,CAT1,Hari 2,Duduk,Jaehyun,Ya,2,NCTzen Lama
297,34,P,Medan,CAT1,Hari 3,Duduk,Mark,Tidak,2,NCTzen Baru
298,26,L,Medan,CAT1,Hari 1,Berdiri,Mark,Ya,2,NCTzen Baru
299,15,P,Medan,CAT1,Hari 3,Duduk,Haechan,Tidak,5,NCTzen Lama
300,19,P,Jakarta,VIP,Hari 3,Duduk,Haechan,Tidak,5,NCTzen Lama
301,19,L,Jakarta,Festival,Hari 2,Berdiri,Taeyong,Ya,4,NCTzen Baru
302,17,L,Surabaya,Festival,Hari 1,Duduk,Haechan,Ya,5,NCTzen Baru
303,15,L,Surabaya,CAT2,Hari 1,Duduk,Taeyong,Ya,4,NCTzen Lama
304,30,P,Jakarta,VIP,Hari 3,Duduk,Taeyong,Tidak,1,NCTzen Baru
305,27,P,Surabaya,Festival,Hari 1,Berdiri,Taeyong,Tidak,4,NCTzen Lama
306,32,P,Bandung,Festival,Hari 2,Duduk,Haechan,Ya,2,NCTzen Lama
307,26,L,Bandung,CAT2,Hari 3,Duduk,Haechan,Ya,3,NCTzen Baru
308,16,P,Jakarta,CAT1,Hari 3,Duduk,Taeyong,Tidak,3,NCTzen Lama
309,20,L,Medan,Festival,Hari 2,Berdiri,Jaehyun,Ya,2,NCTzen Lama
310,33,L,Bandung,CAT1,Hari 2,Berdiri,Haechan,Ya,4,NCTzen Lama
311,25,P,Bandung,CAT2,Hari 2,Berdiri,Mark,Tidak,2,NCTzen Lama
312,34,L,Medan,Festival,Hari 2,Duduk,Jaehyun,Ya,5,NCTzen Lama
313,20,P,Surabaya,CAT1,Hari 2,Duduk,Mark,Ya,4,NCTzen Lama
314,27,L,Medan,VIP,Hari 2,Duduk,Haechan,Ya,2,NCTzen Lama
315,29,L,Surabaya,CAT1,Hari 3,Duduk,Jaehyun,Ya,5,NCTzen Baru
316,17,L,Surabaya,CAT1,Hari 1,Duduk,Haechan,Tidak,5,NCTzen Baru
317,32,P,Medan,CAT1,Hari 1,Berdiri,Haechan,Tidak,4,NCTzen Lama
318,16,L,Surabaya,CAT1,Hari 3,Duduk,Jaehyun,Tidak,1,NCTzen Baru
319,23,P,Bandung,VIP,Hari 1,Duduk,Haechan,Tidak,1,NCTzen Lama
320,30,L,Jakarta,CAT2,Hari 1,Berdiri,Jaehyun,Ya,5,NCTzen Lama
321,22,L,Surabaya,CAT1,Hari 3,Berdiri,Haechan,Ya,1,NCTzen Baru
322,29,L,Bandung,CAT1,Hari 1,Duduk,Taeyong,Ya,5,NCTzen Lama
323,27,P,Medan,Festival,Hari 1,Berdiri,Mark,Ya,1,NCTzen Lama
324,18,P,Surabaya,Festival,Hari 3,Berdiri,Taeyong,Tidak,5,NCTzen Baru
325,35,P,Bandung,VIP,Hari 1,Berdiri,Haechan,Ya,5,NCTzen Baru
326,33,P,Surabaya,VIP,Hari 2,Duduk,Haechan,Ya,5,NCTzen Baru
327,28,P,Medan,VIP,Hari 3,Berdiri,Haechan,Tidak,5,NCTzen Baru
328,27,L,Jakarta,Festival,Hari 1,Duduk,Taeyong,Tidak,3,NCTzen Baru
329,20,L,Surabaya,CAT1,Hari 1,Berdiri,Haechan,Tidak,1,NCTzen Baru
330,21,P,Jakarta,Festival,Hari 2,Duduk,Jaehyun,Ya,5,NCTzen Lama
331,23,P,Surabaya,CAT2,Hari 3,Duduk,Mark,Tidak,2,NCTzen Baru
332,14,P,Surabaya,VIP,Hari 3,Duduk,Haechan,Ya,4,NCTzen Baru
333,25,P,Medan,VIP,Hari 1,Berdiri,Haechan,Ya,2,NCTzen Lama
334,16,L,Surabaya,VIP,Hari 2,Berdiri,Mark,Tidak,2,NCTzen Lama
335,21,P,Bandung,CAT2,Hari 2,Berdiri,Mark,Tidak,3,NCTzen Baru
336,17,P,Bandung,CAT1,Hari 2,Duduk,Mark,Tidak,1,NCTzen Lama
337,31,P,Jakarta,CAT1,Hari 2,Berdiri,Taeyong,Ya,3,NCTzen Lama
338,34,P,Jakarta,CAT1,Hari 2,Berdiri,Taeyong,Ya,1,NCTzen Lama
339,15,L,Bandung,VIP,Hari 2,Duduk,Haechan,Ya,5,NCTzen Lama
340,33,L,Jakarta,CAT1,Hari 3,Berdiri,Mark,Tidak,3,NCTzen Lama
341,15,P,Jakarta,Festival,Hari 1,Duduk,Haechan,Ya,4,NCTzen Lama
342,18,L,Bandung,VIP,Hari 1,Berdiri,Haechan,Ya,1,NCTzen Lama
343,22,L,Bandung,CAT2,Hari 2,Duduk,Haechan,Ya,3,NCTzen Baru
344,17,P,Bandung,CAT2,Hari 3,Duduk,Taeyong,Ya,4,NCTzen Lama
345,15,P,Medan,CAT1,Hari 3,Berdiri,Mark,Tidak,2,NCTzen Baru
346,34,L,Medan,VIP,Hari 2,Duduk,Haechan,Ya,5,NCTzen Lama
347,19,L,Bandung,Festival,Hari 1,Berdiri,Taeyong,Tidak,5,NCTzen Lama
348,34,L,Surabaya,Festival,Hari 2,Berdiri,Jaehyun,Tidak,2,NCTzen Baru
349,30,L,Bandung,VIP,Hari 3,Berdiri,Jaehyun,Ya,3,NCTzen Lama
350,35,L,Medan,CAT1,Hari 2,Berdiri,Haechan,Ya,2,NCTzen Lama
351,20,P,Jakarta,CAT2,Hari 1,Duduk,Haechan,Tidak,4,NCTzen Baru
352,13,L,Surabaya,CAT2,Hari 1,Duduk,Mark,Ya,1,NCTzen Lama
353,16,L,Surabaya,Festival,Hari 3,Duduk,Mark,Tidak,3,NCTzen Lama
354,19,L,Jakarta,Festival,Hari 2,Berdiri,Haechan,Ya,1,NCTzen Baru
355,26,L,Surabaya,Festival,Hari 2,Berdiri,Taeyong,Ya,2,NCTzen Baru
356,25,L,Jakarta,CAT2,Hari 3,Duduk,Haechan,Tidak,5,NCTzen Lama
357,22,L,Medan,Festival,Hari 2,Duduk,Mark,Ya,1,NCTzen Baru
358,35,L,Surabaya,CAT2,Hari 3,Berdiri,Mark,Tidak,1,NCTzen Lama
359,30,L,Surabaya,CAT2,Hari 2,Berdiri,Taeyong,Tidak,5,NCTzen Lama
360,13,P,Jakarta,CAT1,Hari 1,Berdiri,Haechan,Ya,1,NCTzen Baru
361,16,P,Jakarta,CAT1,Hari 3,Duduk,Mark,Tidak,1,NCTzen Baru
362,28,L,Medan,CAT1,Hari 2,Berdiri,Haechan,Ya,5,NCTzen Baru
363,28,P,Jakarta,Festival,Hari 2,Duduk,Mark,Ya,5,NCTzen Baru
364,30,P,Jakarta,CAT2,Hari 2,Berdiri,Jaehyun,Ya,2,NCTzen Lama
365,20,P,Medan,Festival,Hari 3,Duduk,Jaehyun,Tidak,2,NCTzen Baru
366,22,P,Bandung,CAT2,Hari 1,Berdiri,Jaehyun,Ya,1,NCTzen Baru
367,28,P,Bandung,CAT1,Hari 2,Duduk,Mark,Ya,3,NCTzen Lama
368,35,P,Jakarta,CAT1,Hari 3,Duduk,Taeyong,Tidak,2,NCTzen Lama
369,23,L,Medan,Festival,Hari 2,Duduk,Jaehyun,Tidak,2,NCTzen Lama
370,18,L,Bandung,CAT2,Hari 1,Berdiri,Mark,Tidak,3,NCTzen Lama
371,13,P,Medan,Festival,Hari 1,Duduk,Haechan,Tidak,3,NCTzen Lama
372,24,L,Jakarta,VIP,Hari 1,Duduk,Jaehyun,Ya,5,NCTzen Lama
373,18,P,Jakarta,Festival,Hari 3,Berdiri,Taeyong,Ya,2,NCTzen Lama
374,25,L,Medan,CAT1,Hari 2,Duduk,Taeyong,Ya,4,NCTzen Lama
375,29,L,Surabaya,CAT2,Hari 3,Duduk,Taeyong,Ya,4,NCTzen Lama
376,13,L,Jakarta,CAT2,Hari 2,Berdiri,Haechan,Tidak,1,NCTzen Baru
377,20,P,Jakarta,Festival,Hari 3,Duduk,Haechan,Tidak,2,NCTzen Baru
378,34,L,Jakarta,CAT1,Hari 2,Berdiri,Taeyong,Ya,4,NCTzen Lama
379,20,L,Jakarta,VIP,Hari 3,Duduk,Taeyong,Tidak,2,NCTzen Baru
380,23,P,Medan,Festival,Hari 2,Berdiri,Taeyong,Tidak,2,NCTzen Lama
381,26,P,Medan,CAT2,Hari 3,Duduk,Haechan,Tidak,4,NCTzen Lama
382,22,L,Medan,CAT1,Hari 1,Duduk,Haechan,Tidak,2,NCTzen Lama
383,27,P,Medan,CAT2,Hari 3,Duduk,Mark,Tidak,3,NCTzen Lama
384,19,L,Surabaya,CAT2,Hari 1,Berdiri,Jaehyun,Ya,1,NCTzen Baru
385,19,L,Medan,CAT2,Hari 1,Duduk,Haechan,Ya,5,NCTzen Baru
386,22,P,Medan,CAT2,Hari 2,Duduk,Taeyong,Tidak,4,NCTzen Lama
387,16,P,Jakarta,VIP,Hari 1,Berdiri,Jaehyun,Tidak,5,NCTzen Baru
388,30,L,Surabaya,CAT1,Hari 1,Berdiri,Haechan,Ya,1,NCTzen Baru
389,22,P,Jakarta,Festival,Hari 2,Berdiri,Jaehyun,Ya,3,NCTzen Lama
390,31,L,Surabaya,CAT1,Hari 3,Duduk,Mark,Tidak,3,NCTzen Lama
391,26,P,Bandung,CAT1,Hari 3,Duduk,Haechan,Tidak,3,NCTzen Baru
392,25,P,Surabaya,CAT1,Hari 1,Duduk,Taeyong,Tidak,3,NCTzen Baru
393,27,P,Surabaya,Festival,Hari 3,Berdiri,Taeyong,Ya,4,NCTzen Lama
394,28,P,Jakarta,CAT1,Hari 1,Berdiri,Mark,Tidak,4,NCTzen Lama
395,14,P,Surabaya,Festival,Hari 3,Duduk,Mark,Tidak,2,NCTzen Baru
396,16,L,Surabaya,Festival,Hari 3,Duduk,Mark,Tidak,2,NCTzen Lama
397,33,L,Jakarta,VIP,Hari 3,Berdiri,Mark,Tidak,1,NCTzen Lama
398,30,L,Bandung,CAT2,Hari 1,Berdiri,Mark,Tidak,2,NCTzen Lama
399,29,P,Bandung,Festival,Hari 2,Berdiri,Haechan,Tidak,1,NCTzen Baru
400,22,L,Bandung,CAT2,Hari 3,Duduk,Haechan,Tidak,1,NCTzen Baru
401,33,L,Surabaya,CAT1,Hari 3,Berdiri,Jaehyun,Tidak,1,NCTzen Lama
402,21,P,Jakarta,CAT2,Hari 3,Berdiri,Mark,Ya,3,NCTzen Baru
403,27,P,Bandung,CAT2,Hari 1,Berdiri,Taeyong,Ya,5,NCTzen Lama
404,24,P,Bandung,CAT2,Hari 2,Berdiri,Taeyong,Ya,5,NCTzen Baru
405,33,L,Bandung,CAT1,Hari 1,Duduk,Mark,Tidak,4,NCTzen Baru
406,21,L,Bandung,CAT1,Hari 3,Berdiri,Mark,Ya,1,NCTzen Baru
407,26,P,Jakarta,Festival,Hari 1,Duduk,Mark,Ya,3,NCTzen Lama
408,25,L,Bandung,Festival,Hari 3,Duduk,Mark,Ya,2,NCTzen Lama
409,18,L,Surabaya,VIP,Hari 3,Berdiri,Mark,Ya,2,NCTzen Lama
410,31,P,Surabaya,CAT1,Hari 1,Berdiri,Taeyong,Ya,4,NCTzen Baru
411,16,L,Jakarta,VIP,Hari 3,Duduk,Jaehyun,Tidak,4,NCTzen Lama
412,32,P,Medan,CAT1,Hari 3,Berdiri,Mark,Ya,1,NCTzen Lama
413,29,L,Bandung,CAT2,Hari 2,Duduk,Mark,Tidak,1,NCTzen Lama
414,31,P,Bandung,VIP,Hari 1,Berdiri,Mark,Tidak,2,NCTzen Lama
415,15,L,Surabaya,VIP,Hari 1,Duduk,Haechan,Ya,2,NCTzen Baru
416,26,L,Jakarta,VIP,Hari 3,Duduk,Taeyong,Tidak,2,NCTzen Lama
417,29,P,Medan,CAT1,Hari 3,Duduk,Taeyong,Ya,2,NCTzen Lama
418,25,P,Surabaya,Festival,Hari 1,Berdiri,Jaehyun,Tidak,5,NCTzen Baru
419,21,P,Medan,VIP,Hari 1,Duduk,Haechan,Tidak,1,NCTzen Lama
420,13,P,Jakarta,Festival,Hari 1,Duduk,Haechan,Ya,1,NCTzen Baru
421,29,L,Jakarta,CAT1,Hari 3,Berdiri,Haechan,Tidak,2,NCTzen Baru
422,28,P,Jakarta,VIP,Hari 2,Berdiri,Jaehyun,Tidak,3,NCTzen Baru
423,30,P,Surabaya,CAT1,Hari 2,Duduk,Jaehyun,Tidak,2,NCTzen Lama
424,14,P,Jakarta,Festival,Hari 3,Duduk,Jaehyun,Tidak,4,NCTzen Baru
425,26,P,Surabaya,Festival,Hari 3,Berdiri,Haechan,Tidak,3,NCTzen Baru
426,34,P,Surabaya,VIP,Hari 3,Duduk,Taeyong,Tidak,4,NCTzen Baru
427,35,L,Bandung,Festival,Hari 1,Berdiri,Haechan,Tidak,3,NCTzen Lama
428,29,P,Surabaya,CAT2,Hari 3,Berdiri,Jaehyun,Tidak,4,NCTzen Baru
429,15,P,Surabaya,CAT2,Hari 1,Berdiri,Haechan,Ya,2,NCTzen Baru
430,14,P,Bandung,VIP,Hari 2,Duduk,Mark,Tidak,2,NCTzen Baru
431,20,L,Medan,CAT1,Hari 3,Berdiri,Haechan,Ya,3,NCTzen Lama
432,14,L,Bandung,CAT1,Hari 3,Duduk,Haechan,Ya,4,NCTzen Baru
433,14,L,Bandung,CAT1,Hari 1,Duduk,Taeyong,Tidak,5,NCTzen Baru
434,21,P,Jakarta,CAT2,Hari 1,Berdiri,Taeyong,Tidak,3,NCTzen Lama
435,32,P,Jakarta,Festival,Hari 1,Berdiri,Taeyong,Ya,3,NCTzen Lama
436,33,L,Bandung,CAT2,Hari 2,Berdiri,Mark,Ya,1,NCTzen Lama
437,18,L,Jakarta,Festival,Hari 2,Berdiri,Taeyong,Ya,3,NCTzen Baru
438,24,P,Bandung,CAT2,Hari 3,Duduk,Mark,Tidak,5,NCTzen Baru
439,21,P,Jakarta,CAT1,Hari 3,Duduk,Jaehyun,Tidak,2,NCTzen Baru
440,19,P,Surabaya,CAT1,Hari 1,Berdiri,Taeyong,Tidak,4,NCTzen Baru
441,24,L,Jakarta,CAT1,Hari 2,Duduk,Haechan,Ya,1,NCTzen Lama
442,17,P,Jakarta,VIP,Hari 3,Berdiri,Haechan,Tidak,4,NCTzen Baru
443,28,P,Surabaya,VIP,Hari 1,Duduk,Mark,Tidak,2,NCTzen Lama
444,17,L,Bandung,Festival,Hari 1,Duduk,Taeyong,Tidak,3,NCTzen Baru
445,24,L,Jakarta,VIP,Hari 2,Duduk,Haechan,Tidak,5,NCTzen Baru
446,32,L,Jakarta,CAT2,Hari 2,Berdiri,Jaehyun,Ya,1,NCTzen Baru
447,21,P,Surabaya,CAT2,Hari 3,Duduk,Taeyong,Tidak,5,NCTzen Lama
448,35,L,Surabaya,Festival,Hari 3,Duduk,Jaehyun,Tidak,5,NCTzen Lama
449,19,L,Surabaya,Festival,Hari 1,Duduk,Haechan,Ya,5,NCTzen Lama
450,31,P,Medan,CAT1,Hari 1,Duduk,Taeyong,Tidak,5,NCTzen Lama
451,32,P,Surabaya,VIP,Hari 1,Berdiri,Mark,Ya,2,NCTzen Baru
452,35,L,Bandung,CAT1,Hari 3,Duduk,Haechan,Ya,5,NCTzen Baru
453,23,P,Jakarta,VIP,Hari 2,Berdiri,Jaehyun,Tidak,5,NCTzen Baru
454,33,L,Jakarta,VIP,Hari 3,Berdiri,Taeyong,Ya,2,NCTzen Baru
455,24,P,Medan,Festival,Hari 2,Duduk,Jaehyun,Tidak,4,NCTzen Baru
456,15,P,Jakarta,CAT1,Hari 3,Duduk,Jaehyun,Ya,2,NCTzen Lama
457,29,L,Jakarta,CAT1,Hari 3,Berdiri,Mark,Ya,3,NCTzen Lama
458,19,L,Bandung,VIP,Hari 2,Berdiri,Mark,Tidak,2,NCTzen Baru
459,34,L,Jakarta,VIP,Hari 3,Berdiri,Haechan,Ya,4,NCTzen Baru
460,22,P,Bandung,Festival,Hari 3,Duduk,Mark,Tidak,3,NCTzen Baru
461,35,L,Medan,CAT2,Hari 1,Duduk,Mark,Tidak,3,NCTzen Baru
462,27,P,Bandung,CAT1,Hari 2,Berdiri,Haechan,Tidak,1,NCTzen Lama
463,14,P,Surabaya,CAT1,Hari 2,Berdiri,Haechan,Tidak,5,NCTzen Baru
464,25,L,Surabaya,Festival,Hari 1,Berdiri,Haechan,Ya,3,NCTzen Baru
465,16,P,Medan,Festival,Hari 2,Duduk,Haechan,Tidak,3,NCTzen Baru
466,30,P,Jakarta,CAT1,Hari 1,Duduk,Jaehyun,Ya,4,NCTzen Baru
467,35,L,Bandung,CAT1,Hari 2,Berdiri,Jaehyun,Tidak,3,NCTzen Lama
468,13,P,Surabaya,VIP,Hari 2,Duduk,Haechan,Ya,4,NCTzen Baru
469,14,P,Bandung,CAT2,Hari 2,Berdiri,Haechan,Ya,5,NCTzen Lama
470,14,L,Surabaya,CAT1,Hari 2,Duduk,Taeyong,Ya,1,NCTzen Lama
471,16,L,Bandung,Festival,Hari 1,Berdiri,Taeyong,Ya,1,NCTzen Baru
472,15,P,Jakarta,VIP,Hari 1,Duduk,Taeyong,Tidak,5,NCTzen Baru
473,29,P,Medan,VIP,Hari 2,Duduk,Mark,Tidak,5,NCTzen Baru
474,26,P,Jakarta,Festival,Hari 3,Duduk,Jaehyun,Ya,2,NCTzen Baru
475,14,P,Bandung,Festival,Hari 1,Duduk,Jaehyun,Ya,3,NCTzen Baru
476,28,L,Surabaya,VIP,Hari 2,Duduk,Taeyong,Tidak,3,NCTzen Lama
477,23,P,Surabaya,Festival,Hari 1,Duduk,Taeyong,Ya,3,NCTzen Lama
478,25,P,Medan,VIP,Hari 3,Duduk,Jaehyun,Ya,4,NCTzen Lama
479,13,P,Jakarta,Festival,Hari 3,Berdiri,Mark,Tidak,2,NCTzen Lama
480,35,P,Jakarta,VIP,Hari 3,Berdiri,Taeyong,Ya,3,NCTzen Lama
481,14,L,Jakarta,CAT1,Hari 2,Berdiri,Haechan,Ya,4,NCTzen Baru
482,14,P,Surabaya,CAT1,Hari 2,Duduk,Taeyong,Tidak,4,NCTzen Baru
483,33,L,Medan,Festival,Hari 3,Duduk,Jaehyun,Ya,1,NCTzen Lama
484,17,L,Surabaya,CAT2,Hari 1,Duduk,Jaehyun,Tidak,4,NCTzen Baru
485,16,L,Jakarta,CAT1,Hari 1,Berdiri,Taeyong,Tidak,5,NCTzen Baru
486,24,L,Bandung,VIP,Hari 3,Berdiri,Taeyong,Tidak,4,NCTzen Lama
487,15,L,Surabaya,CAT2,Hari 2,Berdiri,Haechan,Tidak,5,NCTzen Lama
488,32,P,Medan,VIP,Hari 1,Berdiri,Haechan,Ya,5,NCTzen Lama
489,22,L,Jakarta,VIP,Hari 1,Berdiri,Mark,Tidak,1,NCTzen Baru
490,32,L,Bandung,CAT1,Hari 1,Berdiri,Mark,Tidak,1,NCTzen Lama
491,30,L,Surabaya,Festival,Hari 2,Duduk,Haechan,Ya,4,NCTzen Lama
492,33,P,Bandung,Festival,Hari 3,Berdiri,Mark,Tidak,1,NCTzen Baru
493,33,L,Bandung,VIP,Hari 2,Duduk,Mark,Ya,1,NCTzen Baru
494,33,P,Medan,CAT1,Hari 1,Berdiri,Taeyong,Tidak,3,NCTzen Lama
495,22,L,Surabaya,VIP,Hari 3,Berdiri,Haechan,Tidak,4,NCTzen Baru
496,13,L,Medan,CAT2,Hari 2,Duduk,Taeyong,Tidak,4,NCTzen Lama
497,18,P,Jakarta,VIP,Hari 3,Duduk,Taeyong,Tidak,4,NCTzen Baru
498,23,P,Bandung,CAT1,Hari 1,Duduk,Mark,Ya,1,NCTzen Lama
499,14,P,Medan,VIP,Hari 2,Berdiri,Taeyong,Ya,1,NCTzen Baru
500,19,L,Medan,CAT1,Hari 3,Berdiri,Jaehyun,Ya,5,NCTzen Baru
501,32,P,Jakarta,Festival,Hari 2,Duduk,Mark,Tidak,2,NCTzen Baru
502,33,P,Surabaya,CAT1,Hari 1,Berdiri,Jaehyun,Tidak,2,NCTzen Lama
503,33,P,Medan,CAT2,Hari 3,Duduk,Mark,Tidak,2,NCTzen Lama
504,33,P,Bandung,CAT1,Hari 1,Berdiri,Taeyong,Ya,3,NCTzen Lama
505,30,P,Bandung,CAT2,Hari 3,Berdiri,Mark,Tidak,1,NCTzen Baru
506,33,L,Bandung,CAT2,Hari 1,Berdiri,Jaehyun,Ya,5,NCTzen Baru
507,31,P,Bandung,VIP,Hari 1,Duduk,Mark,Ya,5,NCTzen Baru
508,16,L,Medan,CAT2,Hari 2,Berdiri,Jaehyun,Ya,2,NCTzen Lama
509,25,P,Bandung,CAT1,Hari 1,Duduk,Haechan,Tidak,3,NCTzen Baru
510,30,P,Medan,Festival,Hari 2,Duduk,Taeyong,Tidak,3,NCTzen Lama
511,32,L,Surabaya,CAT1,Hari 1,Duduk,Jaehyun,Tidak,2,NCTzen Lama
512,25,L,Bandung,Festival,Hari 1,Duduk,Haechan,Tidak,2,NCTzen Lama
513,31,L,Surabaya,CAT2,Hari 1,Duduk,Taeyong,Ya,1,NCTzen Lama
514,29,L,Medan,VIP,Hari 3,Duduk,Haechan,Ya,3,NCTzen Lama
515,13,P,Jakarta,CAT2,Hari 2,Duduk,Jaehyun,Tidak,5,NCTzen Baru
516,18,L,Surabaya,CAT2,Hari 3,Duduk,Taeyong,Tidak,2,NCTzen Baru
517,31,P,Bandung,Festival,Hari 2,Duduk,Haechan,Tidak,1,NCTzen Baru
518,32,P,Jakarta,CAT1,Hari 1,Berdiri,Jaehyun,Ya,5,NCTzen Baru
519,13,P,Surabaya,VIP,Hari 3,Duduk,Haechan,Tidak,3,NCTzen Baru
520,20,L,Medan,VIP,Hari 2,Berdiri,Taeyong,Ya,2,NCTzen Baru
521,29,L,Medan,VIP,Hari 1,Duduk,Taeyong,Ya,2,NCTzen Lama
522,33,L,Medan,VIP,Hari 2,Berdiri,Taeyong,Ya,1,NCTzen Baru
523,34,P,Surabaya,CAT1,Hari 2,Berdiri,Jaehyun,Ya,1,NCTzen Lama
524,27,L,Medan,VIP,Hari 1,Berdiri,Haechan,Ya,3,NCTzen Lama
525,30,L,Surabaya,Festival,Hari 3,Berdiri,Haechan,Ya,2,NCTzen Lama
526,19,P,Bandung,Festival,Hari 1,Berdiri,Jaehyun,Ya,1,NCTzen Lama
527,28,L,Bandung,VIP,Hari 3,Berdiri,Taeyong,Tidak,2,NCTzen Lama
528,19,P,Surabaya,VIP,Hari 2,Duduk,Mark,Tidak,3,NCTzen Baru
529,29,L,Surabaya,CAT1,Hari 2,Duduk,Taeyong,Tidak,2,NCTzen Baru
530,16,L,Jakarta,CAT1,Hari 2,Duduk,Mark,Ya,5,NCTzen Baru
531,24,L,Medan,VIP,Hari 3,Duduk,Taeyong,Ya,2,NCTzen Lama
532,25,L,Bandung,CAT1,Hari 1,Duduk,Jaehyun,Tidak,4,NCTzen Baru
533,16,L,Bandung,CAT2,Hari 3,Duduk,Mark,Ya,4,NCTzen Baru
534,33,P,Jakarta,VIP,Hari 2,Berdiri,Jaehyun,Ya,3,NCTzen Lama
535,13,L,Surabaya,CAT1,Hari 2,Duduk,Mark,Ya,3,NCTzen Lama
536,13,L,Surabaya,Festival,Hari 1,Berdiri,Haechan,Ya,3,NCTzen Baru
537,19,L,Jakarta,VIP,Hari 3,Berdiri,Mark,Ya,5,NCTzen Lama
538,21,L,Medan,VIP,Hari 2,Berdiri,Mark,Ya,5,NCTzen Lama
539,13,L,Surabaya,Festival,Hari 3,Berdiri,Mark,Ya,2,NCTzen Lama
540,28,L,Surabaya,Festival,Hari 3,Berdiri,Haechan,Ya,1,NCTzen Baru
541,30,L,Medan,CAT1,Hari 1,Berdiri,Jaehyun,Ya,4,NCTzen Lama
542,34,P,Medan,Festival,Hari 1,Duduk,Haechan,Ya,4,NCTzen Lama
543,27,P,Jakarta,CAT2,Hari 2,Berdiri,Mark,Ya,4,NCTzen Lama
544,18,L,Jakarta,VIP,Hari 1,Berdiri,Taeyong,Ya,2,NCTzen Lama
545,14,P,Jakarta,CAT2,Hari 3,Duduk,Haechan,Tidak,2,NCTzen Lama
546,21,L,Surabaya,CAT1,Hari 1,Duduk,Taeyong,Ya,3,NCTzen Baru
547,16,P,Jakarta,Festival,Hari 3,Duduk,Haechan,Ya,1,NCTzen Baru
548,25,L,Surabaya,VIP,Hari 2,Duduk,Haechan,Tidak,3,NCTzen Lama
549,35,L,Bandung,Festival,Hari 3,Duduk,Mark,Tidak,2,NCTzen Lama
550,34,P,Medan,Festival,Hari 1,Duduk,Jaehyun,Tidak,5,NCTzen Baru
551,23,L,Medan,CAT1,Hari 1,Duduk,Jaehyun,Ya,3,NCTzen Baru
552,25,P,Bandung,CAT1,Hari 2,Berdiri,Mark,Ya,2,NCTzen Lama
553,23,L,Jakarta,CAT1,Hari 1,Duduk,Haechan,Tidak,2,NCTzen Lama
554,31,L,Surabaya,CAT1,Hari 2,Berdiri,Jaehyun,Tidak,5,NCTzen Baru
555,20,L,Surabaya,VIP,Hari 2,Duduk,Jaehyun,Tidak,5,NCTzen Lama
556,19,L,Surabaya,CAT2,Hari 1,Duduk,Jaehyun,Ya,5,NCTzen Lama
557,28,P,Medan,CAT2,Hari 3,Berdiri,Mark,Ya,1,NCTzen Baru
558,15,L,Jakarta,VIP,Hari 2,Duduk,Taeyong,Tidak,2,NCTzen Baru
559,29,P,Surabaya,Festival,Hari 3,Duduk,Taeyong,Ya,5,NCTzen Baru
560,30,P,Surabaya,VIP,Hari 1,Duduk,Taeyong,Ya,1,NCTzen Baru
561,27,L,Surabaya,CAT2,Hari 3,Duduk,Taeyong,Tidak,4,NCTzen Lama
562,29,L,Bandung,CAT2,Hari 3,Duduk,Taeyong,Tidak,4,NCTzen Lama
563,23,P,Surabaya,VIP,Hari 3,Duduk,Jaehyun,Tidak,4,NCTzen Lama
564,17,P,Bandung,CAT1,Hari 3,Duduk,Jaehyun,Ya,2,NCTzen Lama
565,28,L,Surabaya,Festival,Hari 1,Berdiri,Haechan,Ya,1,NCTzen Baru
566,27,P,Surabaya,VIP,Hari 1,Duduk,Jaehyun,Ya,1,NCTzen Baru
567,22,P,Surabaya,CAT2,Hari 3,Berdiri,Mark,Ya,4,NCTzen Lama
568,26,P,Bandung,CAT1,Hari 1,Berdiri,Haechan,Ya,3,NCTzen Lama
569,14,L,Surabaya,Festival,Hari 1,Berdiri,Jaehyun,Tidak,4,NCTzen Lama
570,28,P,Jakarta,CAT2,Hari 2,Berdiri,Haechan,Ya,2,NCTzen Baru
571,31,P,Surabaya,Festival,Hari 1,Berdiri,Haechan,Ya,4,NCTzen Baru
572,20,P,Bandung,CAT1,Hari 3,Berdiri,Taeyong,Tidak,4,NCTzen Baru
573,27,P,Bandung,CAT2,Hari 1,Berdiri,Haechan,Tidak,1,NCTzen Lama
574,22,L,Jakarta,CAT1,Hari 1,Duduk,Jaehyun,Tidak,4,NCTzen Lama
575,17,L,Medan,VIP,Hari 1,Duduk,Taeyong,Tidak,5,NCTzen Lama
576,32,P,Jakarta,VIP,Hari 1,Duduk,Jaehyun,Ya,5,NCTzen Baru
577,28,P,Jakarta,Festival,Hari 2,Berdiri,Taeyong,Ya,3,NCTzen Lama
578,33,P,Bandung,CAT1,Hari 3,Duduk,Jaehyun,Tidak,2,NCTzen Baru
579,34,L,Surabaya,CAT1,Hari 3,Berdiri,Taeyong,Ya,2,NCTzen Lama
580,24,L,Surabaya,Festival,Hari 1,Berdiri,Taeyong,Tidak,1,NCTzen Lama
581,35,P,Medan,Festival,Hari 1,Duduk,Mark,Ya,2,NCTzen Baru
582,25,P,Medan,Festival,Hari 2,Berdiri,Jaehyun,Ya,3,NCTzen Baru
583,21,L,Medan,VIP,Hari 1,Berdiri,Haechan,Ya,5,NCTzen Lama
584,29,P,Medan,Festival,Hari 2,Duduk,Taeyong,Tidak,1,NCTzen Baru
585,32,P,Jakarta,VIP,Hari 3,Berdiri,Jaehyun,Tidak,5,NCTzen Baru
586,24,L,Jakarta,Festival,Hari 3,Duduk,Taeyong,Ya,3,NCTzen Baru
587,17,L,Surabaya,CAT1,Hari 2,Berdiri,Mark,Ya,1,NCTzen Baru
588,24,L,Jakarta,CAT1,Hari 3,Berdiri,Mark,Tidak,4,NCTzen Baru
589,13,L,Surabaya,Festival,Hari 1,Duduk,Mark,Tidak,2,NCTzen Lama
590,32,L,Surabaya,Festival,Hari 1,Duduk,Mark,Ya,3,NCTzen Lama
591,28,P,Surabaya,VIP,Hari 2,Duduk,Haechan,Ya,1,NCTzen Lama
592,24,L,Surabaya,CAT2,Hari 3,Berdiri,Haechan,Tidak,5,NCTzen Lama
593,21,L,Bandung,VIP,Hari 3,Berdiri,Taeyong,Ya,1,NCTzen Baru
594,25,L,Surabaya,CAT1,Hari 2,Duduk,Jaehyun,Tidak,4,NCTzen Lama
595,29,L,Jakarta,Festival,Hari 2,Duduk,Mark,Tidak,3,NCTzen Baru
596,29,L,Jakarta,CAT1,Hari 3,Duduk,Mark,Ya,1,NCTzen Lama
597,16,L,Jakarta,CAT2,Hari 2,Berdiri,Haechan,Ya,3,NCTzen Lama
598,26,P,Jakarta,VIP,Hari 1,Berdiri,Haechan,Ya,3,NCTzen Baru
599,31,L,Bandung,CAT1,Hari 3,Duduk,Mark,Tidak,5,NCTzen Lama
600,19,P,Medan,VIP,Hari 2,Duduk,Jaehyun,Tidak,2,NCTzen Lama
601,15,P,Medan,Festival,Hari 2,Duduk,Taeyong,Tidak,4,NCTzen Lama
602,13,L,Surabaya,CAT1,Hari 2,Berdiri,Taeyong,Ya,1,NCTzen Lama
603,24,L,Surabaya,CAT2,Hari 3,Duduk,Taeyong,Ya,2,NCTzen Lama
604,27,P,Jakarta,VIP,Hari 1,Duduk,Taeyong,Tidak,5,NCTzen Lama
605,23,P,Jakarta,VIP,Hari 1,Duduk,Jaehyun,Tidak,2,NCTzen Lama
606,22,P,Medan,CAT2,Hari 3,Berdiri,Jaehyun,Ya,3,NCTzen Baru
607,14,L,Medan,CAT1,Hari 2,Berdiri,Jaehyun,Tidak,3,NCTzen Lama
608,16,P,Jakarta,CAT1,Hari 3,Duduk,Haechan,Ya,4,NCTzen Lama
609,29,L,Surabaya,VIP,Hari 3,Berdiri,Mark,Ya,1,NCTzen Lama
610,29,L,Bandung,CAT2,Hari 2,Duduk,Jaehyun,Tidak,1,NCTzen Lama
611,20,P,Bandung,VIP,Hari 3,Duduk,Taeyong,Tidak,5,NCTzen Lama
612,35,L,Medan,VIP,Hari 1,Duduk,Jaehyun,Tidak,4,NCTzen Lama
613,26,L,Medan,Festival,Hari 3,Duduk,Mark,Tidak,1,NCTzen Baru
614,16,P,Medan,CAT1,Hari 2,Berdiri,Haechan,Tidak,3,NCTzen Lama
615,18,P,Bandung,CAT1,Hari 3,Duduk,Taeyong,Ya,4,NCTzen Lama
616,31,L,Bandung,Festival,Hari 1,Duduk,Haechan,Tidak,2,NCTzen Baru
617,16,P,Jakarta,CAT1,Hari 3,Berdiri,Jaehyun,Ya,4,NCTzen Baru
618,15,L,Surabaya,CAT1,Hari 3,Duduk,Taeyong,Tidak,4,NCTzen Lama
619,32,P,Medan,CAT1,Hari 3,Berdiri,Taeyong,Tidak,1,NCTzen Lama
620,18,P,Jakarta,CAT2,Hari 3,Duduk,Jaehyun,Tidak,5,NCTzen Lama
621,35,P,Bandung,Festival,Hari 2,Duduk,Jaehyun,Tidak,5,NCTzen Baru
622,19,P,Jakarta,VIP,Hari 1,Duduk,Mark,Tidak,1,NCTzen Baru
623,26,L,Bandung,CAT2,Hari 1,Duduk,Jaehyun,Tidak,1,NCTzen Lama
624,24,P,Surabaya,VIP,Hari 1,Berdiri,Jaehyun,Ya,1,NCTzen Lama
625,28,L,Bandung,Festival,Hari 3,Duduk,Jaehyun,Tidak,5,NCTzen Baru
626,32,L,Jakarta,Festival,Hari 1,Berdiri,Taeyong,Tidak,1,NCTzen Baru
627,20,P,Surabaya,Festival,Hari 2,Berdiri,Mark,Tidak,2,NCTzen Baru
628,35,P,Bandung,CAT1,Hari 3,Berdiri,Taeyong,Tidak,2,NCTzen Baru
629,14,P,Medan,CAT2,Hari 3,Duduk,Jaehyun,Ya,3,NCTzen Lama
630,25,P,Bandung,Festival,Hari 1,Berdiri,Mark,Ya,2,NCTzen Baru
631,20,P,Surabaya,VIP,Hari 3,Berdiri,Jaehyun,Ya,4,NCTzen Baru
632,33,L,Jakarta,CAT1,Hari 3,Berdiri,Taeyong,Ya,3,NCTzen Lama
633,32,P,Surabaya,CAT1,Hari 1,Duduk,Taeyong,Ya,2,NCTzen Baru
634,28,L,Jakarta,CAT2,Hari 2,Duduk,Jaehyun,Ya,4,NCTzen Lama
635,16,L,Bandung,CAT2,Hari 2,Berdiri,Mark,Tidak,2,NCTzen Baru
636,28,L,Bandung,CAT2,Hari 1,Berdiri,Taeyong,Tidak,4,NCTzen Lama
637,32,L,Surabaya,CAT1,Hari 2,Duduk,Jaehyun,Ya,1,NCTzen Baru
638,18,P,Medan,Festival,Hari 2,Berdiri,Haechan,Tidak,4,NCTzen Lama
639,16,P,Bandung,VIP,Hari 2,Berdiri,Jaehyun,Tidak,1,NCTzen Lama
640,28,L,Medan,Festival,Hari 3,Berdiri,Jaehyun,Tidak,4,NCTzen Baru
641,35,L,Medan,VIP,Hari 3,Duduk,Mark,Tidak,4,NCTzen Lama
642,35,P,Surabaya,Festival,Hari 3,Berdiri,Jaehyun,Tidak,2,NCTzen Lama
643,33,L,Bandung,CAT2,Hari 2,Berdiri,Haechan,Ya,4,NCTzen Baru
644,25,P,Medan,VIP,Hari 3,Duduk,Jaehyun,Ya,2,NCTzen Lama
645,17,L,Bandung,CAT1,Hari 2,Berdiri,Haechan,Ya,4,NCTzen Lama
646,27,P,Jakarta,VIP,Hari 1,Duduk,Taeyong,Ya,5,NCTzen Baru
647,20,L,Medan,CAT1,Hari 2,Duduk,Jaehyun,Ya,3,NCTzen Baru
648,19,L,Surabaya,Festival,Hari 3,Duduk,Mark,Ya,2,NCTzen Lama
649,26,L,Surabaya,CAT2,Hari 2,Berdiri,Jaehyun,Tidak,2,NCTzen Lama
650,19,P,Medan,VIP,Hari 3,Berdiri,Haechan,Ya,1,NCTzen Lama
651,34,P,Bandung,CAT1,Hari 3,Berdiri,Haechan,Tidak,5,NCTzen Lama
652,19,P,Jakarta,Festival,Hari 1,Berdiri,Mark,Tidak,1,NCTzen Lama
653,35,L,Jakarta,CAT2,Hari 1,Berdiri,Haechan,Ya,5,NCTzen Baru
654,30,L,Surabaya,CAT2,Hari 3,Berdiri,Jaehyun,Ya,5,NCTzen Lama
655,22,L,Surabaya,CAT2,Hari 2,Berdiri,Haechan,Ya,4,NCTzen Baru
656,30,L,Bandung,Festival,Hari 1,Berdiri,Jaehyun,Tidak,1,NCTzen Baru
657,26,L,Surabaya,Festival,Hari 1,Duduk,Jaehyun,Ya,3,NCTzen Baru
658,22,L,Bandung,Festival,Hari 3,Berdiri,Haechan,Ya,5,NCTzen Baru
659,19,P,Medan,CAT2,Hari 2,Berdiri,Mark,Ya,5,NCTzen Lama
660,19,P,Jakarta,VIP,Hari 1,Duduk,Taeyong,Tidak,2,NCTzen Lama
661,19,P,Medan,CAT1,Hari 1,Berdiri,Mark,Ya,4,NCTzen Lama
662,17,L,Surabaya,Festival,Hari 2,Duduk,Taeyong,Ya,3,NCTzen Baru
663,13,P,Jakarta,VIP,Hari 1,Berdiri,Mark,Tidak,5,NCTzen Baru
664,26,L,Jakarta,CAT1,Hari 2,Berdiri,Jaehyun,Tidak,2,NCTzen Lama
665,30,L,Medan,CAT2,Hari 3,Duduk,Jaehyun,Tidak,1,NCTzen Baru
666,25,P,Bandung,VIP,Hari 1,Duduk,Haechan,Ya,5,NCTzen Lama
667,20,L,Jakarta,CAT2,Hari 3,Berdiri,Taeyong,Ya,2,NCTzen Baru
668,20,L,Bandung,CAT1,Hari 2,Duduk,Taeyong,Tidak,1,NCTzen Baru
669,22,L,Medan,Festival,Hari 3,Berdiri,Haechan,Ya,4,NCTzen Baru
670,29,L,Medan,CAT2,Hari 3,Berdiri,Mark,Tidak,1,NCTzen Baru
671,18,L,Bandung,VIP,Hari 3,Berdiri,Haechan,Tidak,5,NCTzen Baru
672,27,P,Medan,Festival,Hari 2,Berdiri,Mark,Tidak,3,NCTzen Baru
673,27,P,Jakarta,VIP,Hari 2,Berdiri,Haechan,Tidak,1,NCTzen Baru
674,28,L,Medan,CAT1,Hari 2,Berdiri,Taeyong,Tidak,3,NCTzen Lama
675,20,L,Medan,CAT1,Hari 2,Duduk,Taeyong,Ya,3,NCTzen Lama
676,31,P,Jakarta,Festival,Hari 2,Duduk,Mark,Ya,1,NCTzen Baru
677,32,P,Bandung,VIP,Hari 1,Duduk,Taeyong,Ya,4,NCTzen Baru
678,27,P,Medan,VIP,Hari 1,Berdiri,Taeyong,Ya,1,NCTzen Lama
679,15,L,Bandung,VIP,Hari 1,Duduk,Taeyong,Tidak,2,NCTzen Baru
680,18,P,Jakarta,VIP,Hari 3,Berdiri,Taeyong,Ya,3,NCTzen Lama
681,20,P,Bandung,CAT1,Hari 3,Duduk,Jaehyun,Tidak,5,NCTzen Lama
682,28,L,Bandung,VIP,Hari 2,Berdiri,Haechan,Tidak,3,NCTzen Lama
683,27,L,Surabaya,CAT1,Hari 2,Berdiri,Haechan,Ya,5,NCTzen Lama
684,25,P,Surabaya,VIP,Hari 1,Berdiri,Jaehyun,Ya,2,NCTzen Lama
685,32,L,Medan,VIP,Hari 2,Berdiri,Taeyong,Tidak,2,NCTzen Baru
686,27,P,Surabaya,CAT2,Hari 3,Berdiri,Haechan,Ya,2,NCTzen Baru
687,30,P,Surabaya,CAT2,Hari 2,Duduk,Haechan,Ya,1,NCTzen Lama
688,25,L,Surabaya,VIP,Hari 1,Berdiri,Haechan,Ya,3,NCTzen Baru
689,20,L,Bandung,CAT1,Hari 2,Duduk,Mark,Ya,5,NCTzen Lama
690,26,P,Bandung,VIP,Hari 3,Berdiri,Jaehyun,Tidak,2,NCTzen Baru
691,23,L,Surabaya,CAT2,Hari 1,Berdiri,Mark,Tidak,2,NCTzen Baru
692,18,L,Jakarta,VIP,Hari 2,Berdiri,Mark,Ya,5,NCTzen Baru
693,13,L,Surabaya,CAT2,Hari 3,Duduk,Jaehyun,Tidak,3,NCTzen Baru
694,14,L,Jakarta,VIP,Hari 1,Berdiri,Haechan,Tidak,3,NCTzen Baru
695,25,L,Bandung,Festival,Hari 1,Duduk,Mark,Ya,5,NCTzen Baru
696,13,L,Jakarta,VIP,Hari 3,Berdiri,Haechan,Ya,4,NCTzen Baru
697,16,L,Bandung,CAT1,Hari 2,Duduk,Mark,Tidak,3,NCTzen Baru
698,35,P,Jakarta,CAT2,Hari 2,Duduk,Haechan,Tidak,5,NCTzen Lama
699,14,L,Bandung,Festival,Hari 2,Duduk,Taeyong,Tidak,5,NCTzen Lama
700,33,P,Bandung,CAT2,Hari 1,Berdiri,Taeyong,Ya,2,NCTzen Baru
701,32,L,Surabaya,CAT2,Hari 1,Berdiri,Taeyong,Tidak,5,NCTzen Baru
702,28,P,Medan,CAT1,Hari 2,Duduk,Jaehyun,Tidak,1,NCTzen Baru
703,15,L,Medan,VIP,Hari 1,Berdiri,Taeyong,Ya,2,NCTzen Lama
704,29,P,Bandung,CAT1,Hari 1,Berdiri,Mark,Tidak,2,NCTzen Baru
705,17,L,Surabaya,VIP,Hari 3,Berdiri,Haechan,Ya,3,NCTzen Baru
706,20,P,Medan,Festival,Hari 2,Duduk,Haechan,Ya,4,NCTzen Lama
707,24,L,Medan,CAT1,Hari 2,Duduk,Haechan,Tidak,3,NCTzen Lama
708,35,L,Surabaya,CAT1,Hari 2,Berdiri,Haechan,Ya,1,NCTzen Lama
709,24,P,Surabaya,CAT2,Hari 1,Duduk,Mark,Ya,2,NCTzen Baru
710,13,P,Medan,CAT1,Hari 1,Berdiri,Haechan,Tidak,2,NCTzen Lama
711,13,L,Medan,VIP,Hari 1,Berdiri,Mark,Ya,5,NCTzen Baru
712,27,P,Jakarta,CAT1,Hari 2,Duduk,Mark,Tidak,4,NCTzen Lama
713,29,P,Jakarta,CAT1,Hari 1,Duduk,Haechan,Ya,4,NCTzen Baru
714,14,L,Bandung,Festival,Hari 2,Berdiri,Haechan,Ya,5,NCTzen Baru
715,29,P,Medan,VIP,Hari 1,Berdiri,Haechan,Tidak,1,NCTzen Baru
716,32,L,Surabaya,CAT2,Hari 2,Berdiri,Mark,Tidak,4,NCTzen Lama
717,21,P,Surabaya,VIP,Hari 3,Duduk,Jaehyun,Tidak,2,NCTzen Baru
718,24,L,Medan,Festival,Hari 1,Duduk,Mark,Ya,1,NCTzen Baru
719,16,P,Bandung,VIP,Hari 2,Berdiri,Jaehyun,Tidak,3,NCTzen Baru
720,25,L,Surabaya,VIP,Hari 3,Berdiri,Haechan,Ya,3,NCTzen Lama
721,16,L,Medan,CAT1,Hari 3,Duduk,Mark,Tidak,1,NCTzen Baru
722,19,P,Medan,CAT1,Hari 1,Berdiri,Haechan,Ya,2,NCTzen Baru
723,26,P,Bandung,VIP,Hari 2,Duduk,Jaehyun,Tidak,3,NCTzen Baru
724,21,L,Medan,VIP,Hari 1,Duduk,Jaehyun,Ya,2,NCTzen Baru
725,35,L,Surabaya,CAT2,Hari 3,Berdiri,Mark,Tidak,5,NCTzen Lama
726,13,P,Jakarta,Festival,Hari 1,Berdiri,Mark,Ya,4,NCTzen Baru
727,13,P,Bandung,CAT1,Hari 2,Duduk,Mark,Ya,1,NCTzen Lama
728,32,P,Medan,CAT1,Hari 3,Berdiri,Mark,Ya,4,NCTzen Lama
729,16,P,Bandung,CAT1,Hari 1,Duduk,Taeyong,Ya,5,NCTzen Baru
730,13,P,Medan,CAT1,Hari 1,Duduk,Taeyong,Tidak,3,NCTzen Lama
731,34,P,Jakarta,VIP,Hari 1,Duduk,Haechan,Ya,2,NCTzen Lama
732,22,L,Bandung,VIP,Hari 1,Berdiri,Jaehyun,Tidak,2,NCTzen Lama
733,14,P,Medan,CAT2,Hari 1,Berdiri,Jaehyun,Ya,5,NCTzen Baru
734,33,P,Jakarta,CAT1,Hari 3,Berdiri,Haechan,Tidak,1,NCTzen Lama
735,27,P,Surabaya,CAT1,Hari 3,Duduk,Haechan,Ya,4,NCTzen Lama
736,15,P,Medan,VIP,Hari 2,Duduk,Haechan,Ya,3,NCTzen Baru
737,35,L,Jakarta,CAT2,Hari 1,Duduk,Taeyong,Tidak,1,NCTzen Baru
738,21,L,Jakarta,VIP,Hari 2,Duduk,Haechan,Tidak,5,NCTzen Lama
739,29,L,Bandung,CAT1,Hari 3,Berdiri,Jaehyun,Ya,5,NCTzen Lama
740,33,L,Medan,CAT1,Hari 1,Berdiri,Haechan,Tidak,2,NCTzen Lama
741,25,P,Surabaya,Festival,Hari 2,Berdiri,Mark,Tidak,3,NCTzen Baru
742,15,L,Medan,Festival,Hari 1,Duduk,Jaehyun,Tidak,1,NCTzen Lama
743,16,P,Jakarta,Festival,Hari 1,Duduk,Jaehyun,Ya,2,NCTzen Baru
744,16,P,Surabaya,CAT2,Hari 2,Berdiri,Jaehyun,Tidak,3,NCTzen Lama
745,23,L,Jakarta,VIP,Hari 3,Duduk,Taeyong,Ya,4,NCTzen Lama
746,19,L,Bandung,CAT1,Hari 2,Berdiri,Taeyong,Tidak,4,NCTzen Baru
747,23,P,Medan,CAT1,Hari 2,Duduk,Jaehyun,Tidak,2,NCTzen Lama
748,23,L,Jakarta,CAT2,Hari 2,Duduk,Mark,Ya,1,NCTzen Baru
749,22,L,Jakarta,CAT1,Hari 1,Duduk,Jaehyun,Tidak,3,NCTzen Lama
750,17,P,Medan,CAT1,Hari 3,Duduk,Taeyong,Tidak,4,NCTzen Baru
751,25,P,Surabaya,VIP,Hari 3,Duduk,Mark,Tidak,4,NCTzen Baru
752,24,P,Jakarta,Festival,Hari 1,Berdiri,Jaehyun,Tidak,1,NCTzen Lama
753,22,P,Medan,Festival,Hari 3,Berdiri,Taeyong,Tidak,2,NCTzen Baru
754,19,P,Bandung,CAT2,Hari 2,Berdiri,Mark,Tidak,5,NCTzen Lama
755,31,L,Bandung,Festival,Hari 3,Duduk,Haechan,Tidak,3,NCTzen Baru
756,31,P,Medan,Festival,Hari 1,Berdiri,Haechan,Ya,4,NCTzen Baru
757,31,P,Jakarta,CAT2,Hari 3,Berdiri,Jaehyun,Ya,5,NCTzen Baru
758,24,P,Medan,CAT2,Hari 1,Duduk,Haechan,Ya,1,NCTzen Lama
759,32,L,Medan,Festival,Hari 2,Duduk,Taeyong,Ya,2,NCTzen Baru
760,34,P,Jakarta,VIP,Hari 1,Berdiri,Mark,Ya,3,NCTzen Baru
761,27,P,Surabaya,CAT2,Hari 3,Berdiri,Jaehyun,Tidak,1,NCTzen Baru
762,17,L,Surabaya,CAT1,Hari 2,Berdiri,Mark,Ya,2,NCTzen Lama
763,26,P,Bandung,CAT2,Hari 3,Berdiri,Mark,Ya,1,NCTzen Lama
764,24,P,Surabaya,CAT1,Hari 1,Berdiri,Mark,Tidak,4,NCTzen Baru
765,33,P,Medan,CAT2,Hari 2,Duduk,Taeyong,Ya,4,NCTzen Baru
766,23,L,Jakarta,CAT2,Hari 1,Berdiri,Jaehyun,Tidak,5,NCTzen Lama
767,17,L,Bandung,Festival,Hari 3,Berdiri,Haechan,Tidak,1,NCTzen Baru
768,28,P,Surabaya,Festival,Hari 1,Berdiri,Mark,Ya,4,NCTzen Baru
769,30,P,Medan,Festival,Hari 3,Berdiri,Mark,Ya,2,NCTzen Baru
770,24,P,Bandung,VIP,Hari 3,Berdiri,Mark,Tidak,5,NCTzen Baru
771,17,L,Jakarta,Festival,Hari 2,Berdiri,Taeyong,Tidak,3,NCTzen Baru
772,28,L,Surabaya,Festival,Hari 2,Duduk,Haechan,Ya,1,NCTzen Baru
773,24,L,Medan,CAT2,Hari 1,Duduk,Mark,Tidak,4,NCTzen Lama
774,35,L,Jakarta,CAT2,Hari 3,Duduk,Taeyong,Ya,2,NCTzen Baru
775,14,L,Medan,VIP,Hari 3,Berdiri,Taeyong,Ya,1,NCTzen Baru
776,18,L,Medan,CAT1,Hari 2,Berdiri,Mark,Ya,2,NCTzen Lama
777,35,P,Medan,CAT2,Hari 2,Duduk,Mark,Ya,5,NCTzen Lama
778,33,L,Jakarta,CAT2,Hari 2,Berdiri,Taeyong,Tidak,4,NCTzen Lama
779,16,P,Bandung,CAT1,Hari 2,Berdiri,Taeyong,Tidak,4,NCTzen Lama
780,25,L,Medan,VIP,Hari 1,Berdiri,Mark,Ya,5,NCTzen Baru
781,22,P,Bandung,CAT2,Hari 1,Duduk,Taeyong,Ya,2,NCTzen Lama
782,29,L,Bandung,Festival,Hari 1,Duduk,Taeyong,Tidak,1,NCTzen Baru
783,26,P,Surabaya,VIP,Hari 1,Duduk,Mark,Tidak,2,NCTzen Lama
784,27,P,Surabaya,CAT1,Hari 2,Berdiri,Mark,Tidak,1,NCTzen Lama
785,20,P,Bandung,CAT1,Hari 1,Duduk,Jaehyun,Tidak,5,NCTzen Lama
786,35,L,Surabaya,Festival,Hari 1,Duduk,Haechan,Tidak,3,NCTzen Baru
787,30,L,Surabaya,Festival,Hari 1,Duduk,Mark,Ya,1,NCTzen Lama
788,15,L,Bandung,Festival,Hari 2,Berdiri,Mark,Ya,4,NCTzen Lama
789,29,P,Jakarta,VIP,Hari 3,Duduk,Mark,Ya,4,NCTzen Lama
790,19,P,Surabaya,CAT1,Hari 2,Duduk,Haechan,Ya,4,NCTzen Baru
791,25,P,Surabaya,Festival,Hari 3,Berdiri,Jaehyun,Tidak,2,NCTzen Baru
792,28,L,Jakarta,Festival,Hari 3,Duduk,Taeyong,Tidak,2,NCTzen Lama
793,17,L,Jakarta,CAT1,Hari 1,Berdiri,Haechan,Ya,2,NCTzen Baru
794,16,P,Jakarta,CAT2,Hari 1,Berdiri,Mark,Ya,4,NCTzen Lama
795,22,L,Bandung,VIP,Hari 1,Duduk,Mark,Tidak,1,NCTzen Baru
796,25,L,Jakarta,CAT2,Hari 2,Duduk,Jaehyun,Ya,4,NCTzen Lama
797,22,L,Bandung,Festival,Hari 2,Duduk,Jaehyun,Ya,1,NCTzen Baru
798,26,L,Medan,VIP,Hari 1,Berdiri,Jaehyun,Tidak,2,NCTzen Lama
799,34,P,Medan,CAT2,Hari 2,Duduk,Taeyong,Tidak,3,NCTzen Baru
800,24,L,Jakarta,CAT1,Hari 2,Duduk,Haechan,Tidak,2,NCTzen Baru
801,13,L,Jakarta,Festival,Hari 3,Duduk,Haechan,Ya,5,NCTzen Lama
802,33,P,Medan,VIP,Hari 2,Berdiri,Jaehyun,Tidak,1,NCTzen Lama
803,32,P,Bandung,VIP,Hari 3,Berdiri,Taeyong,Tidak,3,NCTzen Baru
804,32,L,Bandung,VIP,Hari 1,Berdiri,Haechan,Ya,2,NCTzen Lama
805,19,L,Jakarta,VIP,Hari 2,Duduk,Mark,Tidak,3,NCTzen Lama
806,21,L,Jakarta,Festival,Hari 3,Duduk,Mark,Ya,4,NCTzen Lama
807,20,L,Jakarta,Festival,Hari 2,Berdiri,Mark,Ya,1,NCTzen Lama
808,25,P,Medan,CAT1,Hari 3,Duduk,Haechan,Ya,5,NCTzen Baru
809,26,P,Surabaya,CAT1,Hari 3,Duduk,Jaehyun,Ya,4,NCTzen Lama
810,24,P,Jakarta,CAT1,Hari 2,Berdiri,Mark,Tidak,3,NCTzen Baru
811,20,L,Bandung,CAT2,Hari 1,Berdiri,Jaehyun,Ya,2,NCTzen Baru
812,33,L,Surabaya,CAT1,Hari 3,Berdiri,Taeyong,Tidak,1,NCTzen Lama
813,34,P,Bandung,Festival,Hari 1,Duduk,Mark,Tidak,5,NCTzen Lama
814,30,L,Surabaya,CAT2,Hari 2,Duduk,Taeyong,Tidak,2,NCTzen Baru
815,28,P,Medan,Festival,Hari 2,Duduk,Jaehyun,Tidak,5,NCTzen Lama
816,23,P,Surabaya,CAT2,Hari 1,Berdiri,Haechan,Tidak,1,NCTzen Lama
817,28,P,Bandung,CAT1,Hari 2,Berdiri,Jaehyun,Ya,3,NCTzen Baru
818,26,P,Surabaya,CAT1,Hari 3,Duduk,Mark,Tidak,5,NCTzen Baru
819,15,P,Medan,CAT1,Hari 1,Berdiri,Mark,Ya,1,NCTzen Baru
820,33,P,Bandung,CAT2,Hari 2,Berdiri,Jaehyun,Ya,5,NCTzen Lama
821,14,P,Jakarta,Festival,Hari 2,Duduk,Mark,Ya,2,NCTzen Lama
822,15,L,Surabaya,VIP,Hari 1,Berdiri,Mark,Tidak,5,NCTzen Baru
823,16,P,Bandung,Festival,Hari 3,Duduk,Taeyong,Tidak,2,NCTzen Baru
824,34,P,Surabaya,CAT1,Hari 1,Berdiri,Haechan,Tidak,2,NCTzen Lama
825,17,L,Medan,CAT2,Hari 2,Duduk,Jaehyun,Tidak,1,NCTzen Lama
826,22,P,Bandung,CAT2,Hari 2,Berdiri,Taeyong,Ya,4,NCTzen Lama
827,32,L,Jakarta,CAT1,Hari 1,Duduk,Mark,Tidak,5,NCTzen Baru
828,14,P,Jakarta,CAT2,Hari 3,Berdiri,Taeyong,Tidak,3,NCTzen Lama
829,24,L,Surabaya,CAT1,Hari 3,Berdiri,Haechan,Ya,2,NCTzen Lama
830,17,L,Medan,Festival,Hari 3,Berdiri,Jaehyun,Ya,4,NCTzen Baru
831,17,L,Medan,CAT2,Hari 1,Berdiri,Haechan,Ya,2,NCTzen Lama
832,35,P,Surabaya,VIP,Hari 3,Berdiri,Haechan,Ya,4,NCTzen Baru
833,13,L,Bandung,CAT2,Hari 3,Duduk,Taeyong,Ya,4,NCTzen Lama
834,16,P,Bandung,CAT1,Hari 3,Duduk,Taeyong,Ya,3,NCTzen Baru
835,33,P,Surabaya,VIP,Hari 3,Duduk,Haechan,Ya,4,NCTzen Baru
836,24,P,Bandung,CAT1,Hari 2,Berdiri,Mark,Tidak,3,NCTzen Baru
837,24,P,Bandung,CAT2,Hari 1,Duduk,Jaehyun,Tidak,1,NCTzen Lama
838,28,P,Bandung,VIP,Hari 1,Berdiri,Mark,Ya,2,NCTzen Lama
839,29,P,Surabaya,VIP,Hari 3,Berdiri,Mark,Ya,3,NCTzen Lama
840,33,P,Jakarta,CAT2,Hari 1,Duduk,Jaehyun,Tidak,2,NCTzen Lama
841,22,L,Medan,VIP,Hari 1,Duduk,Taeyong,Ya,5,NCTzen Baru
842,29,P,Jakarta,Festival,Hari 2,Berdiri,Mark,Ya,1,NCTzen Lama
843,29,P,Bandung,VIP,Hari 1,Berdiri,Taeyong,Ya,5,NCTzen Lama
844,30,L,Surabaya,VIP,Hari 2,Duduk,Jaehyun,Ya,5,NCTzen Baru
845,14,P,Medan,Festival,Hari 1,Duduk,Mark,Ya,4,NCTzen Baru
846,16,L,Bandung,CAT1,Hari 2,Berdiri,Taeyong,Tidak,4,NCTzen Baru
847,31,L,Medan,CAT1,Hari 2,Berdiri,Taeyong,Ya,5,NCTzen Baru
848,23,P,Medan,Festival,Hari 1,Duduk,Mark,Ya,4,NCTzen Lama
849,29,P,Jakarta,VIP,Hari 2,Berdiri,Jaehyun,Ya,2,NCTzen Baru
850,24,L,Bandung,CAT2,Hari 2,Berdiri,Haechan,Tidak,4,NCTzen Lama
851,14,P,Medan,Festival,Hari 1,Duduk,Taeyong,Tidak,5,NCTzen Lama
852,18,L,Jakarta,CAT2,Hari 2,Duduk,Jaehyun,Ya,4,NCTzen Baru
853,21,L,Surabaya,CAT1,Hari 2,Berdiri,Mark,Ya,4,NCTzen Baru
854,17,P,Medan,Festival,Hari 2,Berdiri,Taeyong,Ya,3,NCTzen Baru
855,32,L,Bandung,CAT2,Hari 2,Duduk,Taeyong,Ya,3,NCTzen Baru
856,33,P,Surabaya,VIP,Hari 2,Berdiri,Taeyong,Tidak,5,NCTzen Baru
857,21,P,Medan,Festival,Hari 3,Duduk,Jaehyun,Tidak,2,NCTzen Lama
858,35,L,Medan,CAT2,Hari 2,Berdiri,Taeyong,Ya,1,NCTzen Baru
859,20,L,Bandung,Festival,Hari 2,Duduk,Taeyong,Ya,1,NCTzen Lama
860,32,P,Medan,Festival,Hari 2,Berdiri,Mark,Tidak,5,NCTzen Baru
861,20,P,Bandung,CAT1,Hari 2,Berdiri,Taeyong,Tidak,2,NCTzen Lama
862,34,P,Bandung,CAT1,Hari 1,Berdiri,Jaehyun,Ya,2,NCTzen Lama
863,33,L,Bandung,VIP,Hari 3,Duduk,Mark,Ya,2,NCTzen Lama
864,35,P,Bandung,CAT1,Hari 1,Duduk,Haechan,Ya,3,NCTzen Baru
865,18,L,Medan,CAT1,Hari 3,Duduk,Mark,Tidak,5,NCTzen Baru
866,15,L,Surabaya,CAT1,Hari 2,Berdiri,Taeyong,Tidak,1,NCTzen Baru
867,17,L,Surabaya,CAT2,Hari 2,Berdiri,Haechan,Tidak,2,NCTzen Lama
868,21,P,Jakarta,Festival,Hari 3,Duduk,Mark,Tidak,5,NCTzen Lama
869,19,L,Bandung,CAT1,Hari 3,Duduk,Taeyong,Ya,1,NCTzen Baru
870,16,P,Medan,CAT2,Hari 1,Berdiri,Mark,Tidak,3,NCTzen Baru
871,19,L,Medan,Festival,Hari 3,Berdiri,Jaehyun,Tidak,4,NCTzen Lama
872,17,P,Jakarta,CAT1,Hari 2,Berdiri,Taeyong,Tidak,1,NCTzen Lama
873,23,P,Surabaya,CAT1,Hari 1,Berdiri,Jaehyun,Ya,1,NCTzen Baru
874,27,L,Medan,Festival,Hari 3,Duduk,Taeyong,Tidak,1,NCTzen Baru
875,14,P,Jakarta,CAT2,Hari 3,Duduk,Jaehyun,Tidak,4,NCTzen Baru
876,25,L,Surabaya,CAT2,Hari 1,Berdiri,Haechan,Tidak,2,NCTzen Lama
877,34,L,Medan,VIP,Hari 3,Berdiri,Jaehyun,Ya,4,NCTzen Lama
878,28,L,Bandung,Festival,Hari 2,Berdiri,Mark,Tidak,1,NCTzen Baru
879,19,L,Jakarta,VIP,Hari 1,Duduk,Taeyong,Ya,3,NCTzen Baru
880,20,L,Medan,CAT2,Hari 3,Duduk,Mark,Ya,1,NCTzen Baru
881,18,L,Jakarta,CAT1,Hari 2,Berdiri,Jaehyun,Tidak,3,NCTzen Baru
882,19,L,Jakarta,VIP,Hari 3,Berdiri,Taeyong,Ya,5,NCTzen Baru
883,30,P,Jakarta,CAT2,Hari 1,Berdiri,Jaehyun,Tidak,3,NCTzen Lama
884,34,L,Bandung,CAT2,Hari 3,Berdiri,Haechan,Ya,1,NCTzen Baru
885,34,L,Surabaya,CAT1,Hari 3,Berdiri,Haechan,Ya,4,NCTzen Lama
886,32,P,Surabaya,Festival,Hari 3,Berdiri,Haechan,Tidak,1,NCTzen Lama
887,19,P,Medan,CAT2,Hari 2,Duduk,Jaehyun,Tidak,1,NCTzen Lama
888,15,L,Bandung,VIP,Hari 2,Duduk,Jaehyun,Ya,5,NCTzen Lama
889,17,L,Surabaya,CAT1,Hari 3,Duduk,Haechan,Ya,2,NCTzen Lama
890,13,L,Medan,Festival,Hari 3,Berdiri,Jaehyun,Ya,1,NCTzen Lama
891,27,P,Medan,Festival,Hari 1,Berdiri,Mark,Ya,5,NCTzen Lama
892,15,L,Jakarta,Festival,Hari 3,Berdiri,Jaehyun,Tidak,4,NCTzen Lama
893,20,P,Bandung,CAT2,Hari 1,Duduk,Mark,Ya,5,NCTzen Baru
894,21,L,Surabaya,Festival,Hari 2,Berdiri,Haechan,Ya,5,NCTzen Baru
895,27,L,Bandung,CAT2,Hari 3,Duduk,Jaehyun,Tidak,3,NCTzen Baru
896,22,P,Bandung,CAT1,Hari 1,Berdiri,Haechan,Ya,2,NCTzen Baru
897,14,L,Surabaya,CAT1,Hari 2,Berdiri,Taeyong,Tidak,2,NCTzen Baru
898,32,L,Surabaya,Festival,Hari 1,Berdiri,Jaehyun,Tidak,4,NCTzen Lama
899,17,L,Bandung,CAT1,Hari 2,Duduk,Jaehyun,Tidak,5,NCTzen Lama
900,31,P,Medan,VIP,Hari 3,Duduk,Haechan,Ya,4,NCTzen Lama
901,25,L,Bandung,VIP,Hari 1,Duduk,Haechan,Tidak,4,NCTzen Lama
902,23,L,Surabaya,CAT2,Hari 3,Berdiri,Haechan,Tidak,2,NCTzen Lama
903,13,P,Bandung,Festival,Hari 1,Duduk,Taeyong,Tidak,2,NCTzen Baru
904,34,P,Surabaya,CAT2,Hari 2,Berdiri,Taeyong,Ya,2,NCTzen Baru
905,27,L,Medan,CAT1,Hari 1,Berdiri,Haechan,Ya,1,NCTzen Lama
906,30,L,Bandung,Festival,Hari 1,Duduk,Jaehyun,Ya,5,NCTzen Baru
907,28,P,Medan,CAT2,Hari 3,Duduk,Jaehyun,Ya,4,NCTzen Baru
908,21,L,Bandung,Festival,Hari 3,Berdiri,Haechan,Tidak,5,NCTzen Baru
909,13,L,Bandung,Festival,Hari 3,Berdiri,Mark,Tidak,4,NCTzen Baru
910,23,P,Surabaya,CAT2,Hari 2,Berdiri,Taeyong,Tidak,4,NCTzen Baru
911,21,L,Jakarta,Festival,Hari 3,Berdiri,Taeyong,Ya,4,NCTzen Lama
912,35,L,Surabaya,CAT1,Hari 1,Duduk,Mark,Tidak,4,NCTzen Baru
913,23,P,Bandung,VIP,Hari 2,Duduk,Haechan,Ya,3,NCTzen Baru
914,25,L,Jakarta,VIP,Hari 3,Duduk,Jaehyun,Ya,3,NCTzen Lama
915,14,L,Jakarta,Festival,Hari 1,Berdiri,Jaehyun,Ya,1,NCTzen Lama
916,26,L,Medan,VIP,Hari 1,Berdiri,Taeyong,Tidak,2,NCTzen Lama
917,18,P,Bandung,Festival,Hari 2,Berdiri,Mark,Tidak,4,NCTzen Lama
918,20,L,Surabaya,CAT2,Hari 1,Duduk,Jaehyun,Ya,5,NCTzen Lama
919,30,P,Jakarta,CAT1,Hari 3,Berdiri,Taeyong,Tidak,3,NCTzen Lama
920,28,P,Jakarta,VIP,Hari 1,Berdiri,Jaehyun,Ya,2,NCTzen Lama
921,33,L,Surabaya,CAT2,Hari 3,Duduk,Jaehyun,Tidak,1,NCTzen Lama
922,24,P,Surabaya,CAT1,Hari 3,Duduk,Jaehyun,Ya,2,NCTzen Baru
923,23,L,Jakarta,VIP,Hari 2,Berdiri,Taeyong,Ya,4,NCTzen Lama
924,18,L,Surabaya,VIP,Hari 1,Duduk,Mark,Ya,2,NCTzen Lama
925,15,L,Medan,CAT1,Hari 2,Berdiri,Haechan,Tidak,4,NCTzen Baru
926,26,P,Jakarta,CAT2,Hari 2,Duduk,Mark,Tidak,3,NCTzen Lama
927,14,L,Medan,CAT2,Hari 2,Berdiri,Jaehyun,Tidak,3,NCTzen Lama
928,23,L,Bandung,VIP,Hari 3,Duduk,Mark,Tidak,4,NCTzen Lama
929,34,L,Medan,CAT1,Hari 3,Duduk,Jaehyun,Tidak,5,NCTzen Lama
930,15,P,Surabaya,CAT2,Hari 3,Duduk,Taeyong,Ya,3,NCTzen Baru
931,30,P,Jakarta,CAT1,Hari 3,Duduk,Taeyong,Tidak,5,NCTzen Baru
932,13,L,Medan,CAT1,Hari 1,Berdiri,Taeyong,Ya,4,NCTzen Lama
933,13,L,Surabaya,VIP,Hari 1,Berdiri,Jaehyun,Tidak,4,NCTzen Baru
934,24,L,Surabaya,CAT1,Hari 3,Duduk,Mark,Tidak,3,NCTzen Baru
935,27,L,Medan,CAT1,Hari 3,Berdiri,Haechan,Tidak,5,NCTzen Baru
936,17,P,Jakarta,Festival,Hari 1,Duduk,Haechan,Ya,4,NCTzen Baru
937,18,P,Medan,CAT1,Hari 2,Duduk,Taeyong,Tidak,3,NCTzen Baru
938,28,P,Bandung,CAT2,Hari 2,Berdiri,Haechan,Ya,4,NCTzen Baru
939,24,P,Medan,VIP,Hari 3,Berdiri,Jaehyun,Tidak,2,NCTzen Lama
940,24,P,Medan,VIP,Hari 2,Berdiri,Mark,Ya,2,NCTzen Lama
941,15,P,Jakarta,CAT1,Hari 3,Berdiri,Haechan,Ya,3,NCTzen Baru
942,35,P,Medan,CAT1,Hari 3,Berdiri,Haechan,Ya,4,NCTzen Baru
943,14,L,Surabaya,CAT2,Hari 3,Berdiri,Mark,Ya,3,NCTzen Baru
944,19,L,Jakarta,Festival,Hari 1,Berdiri,Haechan,Tidak,1,NCTzen Lama
945,14,L,Surabaya,VIP,Hari 2,Duduk,Mark,Tidak,3,NCTzen Lama
946,33,L,Jakarta,Festival,Hari 1,Berdiri,Jaehyun,Ya,3,NCTzen Lama
947,19,L,Bandung,CAT2,Hari 2,Duduk,Jaehyun,Tidak,2,NCTzen Lama
948,23,L,Bandung,VIP,Hari 1,Berdiri,Jaehyun,Ya,2,NCTzen Lama
949,23,P,Bandung,CAT2,Hari 1,Berdiri,Taeyong,Tidak,4,NCTzen Lama
950,26,L,Medan,CAT1,Hari 3,Duduk,Jaehyun,Tidak,3,NCTzen Baru
951,15,P,Bandung,CAT2,Hari 3,Duduk,Haechan,Tidak,3,NCTzen Lama
952,26,L,Jakarta,CAT1,Hari 1,Duduk,Taeyong,Ya,4,NCTzen Lama
953,23,P,Bandung,Festival,Hari 2,Duduk,Taeyong,Tidak,5,NCTzen Lama
954,16,P,Jakarta,VIP,Hari 2,Berdiri,Taeyong,Ya,4,NCTzen Baru
955,29,L,Surabaya,VIP,Hari 3,Berdiri,Jaehyun,Tidak,2,NCTzen Lama
956,28,L,Medan,Festival,Hari 3,Duduk,Taeyong,Ya,2,NCTzen Baru
957,15,L,Surabaya,CAT1,Hari 2,Duduk,Jaehyun,Tidak,3,NCTzen Baru
958,22,L,Surabaya,VIP,Hari 2,Berdiri,Jaehyun,Ya,2,NCTzen Lama
959,33,L,Bandung,CAT2,Hari 2,Berdiri,Taeyong,Ya,4,NCTzen Lama
960,27,P,Bandung,CAT1,Hari 3,Duduk,Taeyong,Ya,3,NCTzen Lama
961,20,L,Bandung,VIP,Hari 2,Berdiri,Haechan,Tidak,4,NCTzen Baru
962,30,P,Surabaya,CAT2,Hari 3,Berdiri,Taeyong,Ya,4,NCTzen Lama
963,15,P,Medan,CAT2,Hari 1,Duduk,Jaehyun,Tidak,3,NCTzen Baru
964,19,P,Medan,VIP,Hari 1,Duduk,Haechan,Ya,5,NCTzen Baru
965,22,L,Surabaya,Festival,Hari 1,Duduk,Haechan,Ya,2,NCTzen Lama
966,32,L,Medan,Festival,Hari 2,Duduk,Jaehyun,Ya,1,NCTzen Lama
967,21,L,Surabaya,VIP,Hari 3,Berdiri,Taeyong,Tidak,1,NCTzen Lama
968,26,L,Surabaya,CAT2,Hari 2,Duduk,Taeyong,Tidak,1,NCTzen Baru
969,35,L,Medan,Festival,Hari 3,Berdiri,Mark,Tidak,2,NCTzen Lama
970,26,L,Jakarta,Festival,Hari 2,Berdiri,Taeyong,Tidak,5,NCTzen Baru
971,23,P,Jakarta,Festival,Hari 1,Berdiri,Mark,Tidak,4,NCTzen Lama
972,13,L,Bandung,CAT1,Hari 3,Berdiri,Haechan,Tidak,3,NCTzen Baru
973,16,P,Medan,Festival,Hari 2,Duduk,Haechan,Tidak,5,NCTzen Lama
974,18,P,Bandung,VIP,Hari 3,Berdiri,Haechan,Ya,1,NCTzen Lama
975,34,L,Surabaya,VIP,Hari 3,Duduk,Mark,Ya,2,NCTzen Baru
976,34,L,Jakarta,CAT1,Hari 2,Berdiri,Jaehyun,Tidak,2,NCTzen Baru
977,17,L,Medan,CAT1,Hari 2,Duduk,Jaehyun,Tidak,3,NCTzen Lama
978,15,L,Medan,VIP,Hari 3,Berdiri,Haechan,Tidak,4,NCTzen Baru
979,14,L,Medan,CAT1,Hari 3,Berdiri,Mark,Tidak,5,NCTzen Baru
980,15,L,Jakarta,Festival,Hari 1,Duduk,Mark,Tidak,5,NCTzen Baru
981,21,P,Bandung,CAT2,Hari 3,Duduk,Haechan,Ya,5,NCTzen Baru
982,31,P,Jakarta,CAT2,Hari 1,Duduk,Taeyong,Tidak,4,NCTzen Lama
983,31,P,Bandung,CAT2,Hari 1,Duduk,Haechan,Tidak,4,NCTzen Baru
984,29,P,Surabaya,VIP,Hari 1,Berdiri,Mark,Tidak,4,NCTzen Lama
985,30,P,Surabaya,CAT1,Hari 3,Berdiri,Taeyong,Ya,3,NCTzen Lama
986,23,P,Bandung,CAT2,Hari 1,Berdiri,Jaehyun,Ya,2,NCTzen Lama
987,24,L,Surabaya,Festival,Hari 3,Berdiri,Taeyong,Ya,1,NCTzen Baru
988,15,L,Surabaya,Festival,Hari 3,Berdiri,Jaehyun,Ya,4,NCTzen Lama
989,30,L,Medan,Festival,Hari 2,Duduk,Mark,Tidak,2,NCTzen Lama
990,18,P,Medan,CAT1,Hari 3,Duduk,Haechan,Ya,4,NCTzen Lama
991,19,P,Jakarta,CAT2,Hari 3,Berdiri,Haechan,Ya,1,NCTzen Lama
992,13,P,Jakarta,Festival,Hari 1,Duduk,Haechan,Ya,4,NCTzen Lama
993,18,L,Jakarta,CAT1,Hari 3,Berdiri,Haechan,Ya,2,NCTzen Baru
994,30,L,Medan,Festival,Hari 3,Berdiri,Haechan,Ya,3,NCTzen Lama
995,25,L,Jakarta,CAT2,Hari 2,Duduk,Mark,Tidak,1,NCTzen Baru
996,34,P,Jakarta,CAT2,Hari 2,Berdiri,Mark,Ya,2,NCTzen Lama
997,31,P,Medan,CAT2,Hari 1,Duduk,Haechan,Ya,5,NCTzen Lama
998,19,P,Bandung,CAT2,Hari 1,Berdiri,Taeyong,Ya,5,NCTzen Baru
999,31,L,Medan,CAT2,Hari 2,Duduk,Haechan,Tidak,5,NCTzen Baru
